/*
 Navicat Premium Data Transfer

 Source Server         : temp
 Source Server Type    : MySQL
 Source Server Version : 50639
 Source Host           : 47.96.153.205:3306
 Source Schema         : website

 Target Server Type    : MySQL
 Target Server Version : 50639
 File Encoding         : 65001

 Date: 06/01/2020 08:11:12
*/

SET NAMES utf8mb4;
SET FOREIGN_KEY_CHECKS = 0;

-- ----------------------------
-- Table structure for administrator_role
-- ----------------------------
DROP TABLE IF EXISTS `administrator_role`;
CREATE TABLE `administrator_role`  (
  `id` int(11) NOT NULL AUTO_INCREMENT,
  `name` varchar(255) CHARACTER SET utf8 COLLATE utf8_general_ci NOT NULL,
  `admin_operation` tinyint(1) NOT NULL,
  `user_operation` tinyint(1) NOT NULL,
  `article_operation` tinyint(1) NOT NULL,
  `describe` varchar(255) CHARACTER SET utf8 COLLATE utf8_general_ci NOT NULL,
  `create_time` date NOT NULL,
  `update_time` date NOT NULL,
  `status` tinyint(1) NOT NULL,
  PRIMARY KEY (`id`) USING BTREE
) ENGINE = InnoDB AUTO_INCREMENT = 4 CHARACTER SET = utf8 COLLATE = utf8_general_ci ROW_FORMAT = Compact;

-- ----------------------------
-- Records of administrator_role
-- ----------------------------
INSERT INTO `administrator_role` VALUES (1, '超级管理员', 0, 1, 1, '超级管理员', '2019-12-24', '2019-12-24', 1);
INSERT INTO `administrator_role` VALUES (2, '用户管理员', 0, 1, 0, '用户管理员', '2019-12-24', '2019-12-24', 1);
INSERT INTO `administrator_role` VALUES (3, '文章管理员', 0, 0, 1, '文章管理员', '2019-12-24', '2019-12-24', 1);

-- ----------------------------
-- Table structure for administrator_user
-- ----------------------------
DROP TABLE IF EXISTS `administrator_user`;
CREATE TABLE `administrator_user`  (
  `id` int(11) NOT NULL AUTO_INCREMENT,
  `username` varchar(255) CHARACTER SET utf8 COLLATE utf8_general_ci NOT NULL,
  `password` varchar(255) CHARACTER SET utf8 COLLATE utf8_general_ci NOT NULL,
  `name` varchar(255) CHARACTER SET utf8 COLLATE utf8_general_ci NOT NULL,
  `tel` varchar(20) CHARACTER SET utf8 COLLATE utf8_general_ci NOT NULL,
  `email` varchar(255) CHARACTER SET utf8 COLLATE utf8_general_ci NOT NULL,
  `role` int(11) NOT NULL,
  `superior` int(11) NOT NULL,
  `create_time` date NOT NULL,
  `update_time` date NOT NULL,
  `status` tinyint(1) NOT NULL,
  PRIMARY KEY (`id`) USING BTREE
) ENGINE = InnoDB AUTO_INCREMENT = 82 CHARACTER SET = utf8 COLLATE = utf8_general_ci ROW_FORMAT = Compact;

-- ----------------------------
-- Records of administrator_user
-- ----------------------------
INSERT INTO `administrator_user` VALUES (1, 'admin', 'pbkdf2_sha256$180000$0tkElfc6LfUK$cEEW+lm+0Ntedfq0COSZfsYMePrm8r1h7eHiR1oxnlM=', '张红霞', '13338861874', 'gang69@62.cn', 1, 1, '2019-12-24', '2019-12-24', 1);
INSERT INTO `administrator_user` VALUES (2, 'liping', 'pbkdf2_sha256$180000$8A5vjCRYyG2T$TIM0C4wZ+hWrU6LYE3x4ELnUJUAJwDgXzMkvf+RLYKI=', '钟宇', '13956365979', 'wei04@guoqian.cn', 2, 1, '2019-12-24', '2019-12-24', 1);
INSERT INTO `administrator_user` VALUES (3, 'yong60', 'pbkdf2_sha256$180000$kGwZxa4GRycU$MrE/BOSegu/cQ61zv61f/dLYcBrlLrrVyUjj5jeVzo8=', '粟畅', '14720430842', 'uyan@gmail.com', 2, 1, '2019-12-24', '2019-12-24', 1);
INSERT INTO `administrator_user` VALUES (4, 'guiying84', 'pbkdf2_sha256$180000$Pdq8GUA7eZLW$hmmWGlhXdHUpYPnAZcTjQKOFRQOx6HMFFahvQCoa1Y4=', '李龙', '14508892329', 'xuxiulan@gmail.com', 2, 1, '2019-12-24', '2019-12-24', 1);
INSERT INTO `administrator_user` VALUES (5, 'mmao', 'pbkdf2_sha256$180000$B6j4TxLbsl8o$q/VX5hvRoWLuf1DLsMzjeNgFEpfbNg9Q+HdShybepbc=', '王霞', '18209232717', 'fang19@gmail.com', 2, 1, '2019-12-24', '2019-12-24', 1);
INSERT INTO `administrator_user` VALUES (6, 'blei', 'pbkdf2_sha256$180000$FJXFA1ZSYjlC$GXxY1aP1g48Vp70A/ZQVXIRJEIZ4+BabIsNvv9714JE=', '张玉英', '15222236022', 'guiyinghou@liyan.net', 3, 1, '2019-12-24', '2019-12-24', 1);
INSERT INTO `administrator_user` VALUES (7, 'lei51', 'pbkdf2_sha256$180000$DFQUmOCVhccK$qPJ1XnuFHWTKPgEUq8rd18oce4XoteHxLuM2HWiFhMI=', '范丹丹', '15215171407', 'qyu@hotmail.com', 3, 1, '2019-12-24', '2019-12-24', 1);
INSERT INTO `administrator_user` VALUES (8, 'klei', 'pbkdf2_sha256$180000$7TO3lGUtVRXo$ewz18l1U/9+99SV2SNnFGYB5X8s0PL9Sn5ZJc+bXHbc=', '毛秀珍', '14577700160', 'fchang@27.cn', 3, 1, '2019-12-24', '2019-12-24', 1);
INSERT INTO `administrator_user` VALUES (9, 'houwei', 'pbkdf2_sha256$180000$fk1P8qBMru2P$hDnj6xiaTVE0xJY8QltHgLJIjDdE7E5566VlViaMjL4=', '王刚', '13224181904', 'chenwei@73.cn', 3, 1, '2019-12-24', '2019-12-24', 1);
INSERT INTO `administrator_user` VALUES (10, 'donggang', 'pbkdf2_sha256$180000$ZZsC2JOnePAl$dZjk7Op9QZIXKB545tgkApKucNBOd9lWPogxXA/fdSk=', '陈秀芳', '15121277336', 'qiang80@mengzhao.cn', 3, 1, '2019-12-24', '2019-12-24', 1);
INSERT INTO `administrator_user` VALUES (11, 'asdfasd', 'pbkdf2_sha256$180000$GatyXgsp54XY$uJxrgkjREn7ITltB1fkytlnvJYHbN1CqD/WXIdUIoJA=', '宋博', '15979876515', 'qiang87@hotmail.com', 3, 1, '2019-12-24', '2019-12-24', 1);
INSERT INTO `administrator_user` VALUES (12, 'she', 'pbkdf2_sha256$180000$ZtAKedlWVzBA$FDguSGFUkyzLZmhmJd1MDHjW5xJHVf9f7MCZ9gSDcmI=', '邱明', '18203082706', 'wenjuan@xiangliao.cn', 3, 1, '2019-12-24', '2019-12-24', 1);
INSERT INTO `administrator_user` VALUES (13, 'tao96', 'pbkdf2_sha256$180000$SNapmb4OtIlW$Eglr+HV8GpF85D1Kv/RP7NPOMjAXCS8cZxhn2UdvIDE=', '陈欣', '18015679389', 'qchang@hotmail.com', 3, 1, '2019-12-24', '2019-12-24', 1);
INSERT INTO `administrator_user` VALUES (14, 'yuanwei', 'pbkdf2_sha256$180000$Zryl8mP3TesU$XO595pm3WRy2RD2AQ4xAxLJ8P6Lvt768T7kow6jrdBA=', '王鹏', '13586080043', 'tshi@jiejing.cn', 3, 1, '2019-12-24', '2019-12-24', 1);
INSERT INTO `administrator_user` VALUES (15, 'tmao', 'pbkdf2_sha256$180000$dcBndGF87Fll$lhVwIqEfMVmgC7FbAvtMQSLDu4T9QduMl4LahMBerZw=', '陈斌', '14518029666', 'gangluo@yahoo.com', 3, 1, '2019-12-24', '2019-12-24', 1);
INSERT INTO `administrator_user` VALUES (16, 'kgu', 'pbkdf2_sha256$180000$Ma5lbD8DzVlq$pVfYIk1ZUIBNfCsqpMKexjlaJvXv0vWFr+CG552WqxM=', '陈志强', '15135456356', 'rlong@longfu.com', 3, 1, '2019-12-24', '2019-12-24', 1);
INSERT INTO `administrator_user` VALUES (17, 'mzhou', 'pbkdf2_sha256$180000$0IaGggwJXyl8$mrikFJo9rHfu78TRSS8jGz0nO0W0r/xSKtNHcF8nyyM=', '张淑英', '18042880764', 'dtang@xiawu.cn', 3, 1, '2019-12-24', '2019-12-24', 1);
INSERT INTO `administrator_user` VALUES (18, 'yinjing', 'pbkdf2_sha256$180000$tj28hxN22QJK$U4YugrD5nEMVbSCFOkc4ZEpru9sbHcQLJOhdmE/0QFY=', '孙瑞', '14512132662', 'ljia@liwei.net', 3, 1, '2019-12-24', '2019-12-24', 1);
INSERT INTO `administrator_user` VALUES (19, 'taopeng', 'pbkdf2_sha256$180000$UQdRxRcUakeh$KTeBCzt/LWYgfb31YyiaBA/lQOMa8B8lsY7fS+1O/L4=', '许欣', '15761440149', 'ydeng@juanyang.cn', 3, 1, '2019-12-24', '2019-12-24', 1);
INSERT INTO `administrator_user` VALUES (20, 'weihe', 'pbkdf2_sha256$180000$DjnwgWHUJso6$Sm3MYg/9xuDikRSvqGST0LlfX+re3iJPLQhbX6a/m54=', '夏淑珍', '13020514129', 'li18@hotmail.com', 3, 1, '2019-12-24', '2019-12-24', 1);
INSERT INTO `administrator_user` VALUES (21, 'ajkldf', 'pbkdf2_sha256$180000$Yz0rSeLqsfXY$NQEqi4eAqGao9eGkntjTBC3qRjBtWtNwJhKywDr1p5I=', '徐丽娟', '13782174697', 'jingchen@jun.org', 3, 1, '2019-12-24', '2019-12-24', 1);
INSERT INTO `administrator_user` VALUES (22, 'yong78', 'pbkdf2_sha256$180000$OXorlsl2epBE$LzYjrnCG25OJfE8lKd54V5KAibIErKqHK4ZZUE/lBko=', '万慧', '14538039626', 'juanfan@yangyan.cn', 3, 1, '2019-12-24', '2019-12-24', 1);
INSERT INTO `administrator_user` VALUES (23, 'rxiong', 'pbkdf2_sha256$180000$uZRjRrQ5KVlA$L1z0exG04LiPqKg1Kw+ZJFCQml1sPPpN/aYJh/OVrqE=', '郝婷', '15875912544', 'etao@gu.cn', 3, 1, '2019-12-24', '2019-12-24', 1);
INSERT INTO `administrator_user` VALUES (24, 'jingzhao', 'pbkdf2_sha256$180000$6noviw9LLDTG$Li3y+a5uGEKL4WgQfFH+VK5FZIcylq+kyI2k3PFVPrM=', '吕涛', '18116103064', 'tpan@panliao.cn', 3, 1, '2019-12-24', '2019-12-24', 1);
INSERT INTO `administrator_user` VALUES (25, 'guiyingzheng', 'pbkdf2_sha256$180000$J7yQW1ipsIvQ$9izunUmC2hTv0dyNwTwMkn6pL2Trvmf6J4wS9Tjw0rI=', '田桂花', '15242457604', 'qiang62@hotmail.com', 3, 1, '2019-12-24', '2019-12-24', 1);
INSERT INTO `administrator_user` VALUES (81, '2017', 'pbkdf2_sha256$180000$Q5JLwuvh6j29$6rwNHZQ6VHqmLMA4E40ysiwHZ/TiFEtk6Ew3IccGl0o=', '2017', '15355461355', '1@qq.com', 3, 0, '2019-12-24', '2019-12-24', 1);

-- ----------------------------
-- Table structure for article_article
-- ----------------------------
DROP TABLE IF EXISTS `article_article`;
CREATE TABLE `article_article`  (
  `id` int(11) NOT NULL AUTO_INCREMENT,
  `title` varchar(255) CHARACTER SET utf8 COLLATE utf8_general_ci NOT NULL,
  `content` longtext CHARACTER SET utf8 COLLATE utf8_general_ci NOT NULL,
  `college` int(11) NOT NULL,
  `classify` int(11) NOT NULL,
  `img_url` varchar(255) CHARACTER SET utf8 COLLATE utf8_general_ci NOT NULL,
  `page_view` int(11) NOT NULL,
  `is_recommend` tinyint(1) NOT NULL,
  `is_top` tinyint(1) NOT NULL,
  `create_time` date NOT NULL,
  `update_time` date NOT NULL,
  `status` tinyint(1) NOT NULL,
  PRIMARY KEY (`id`) USING BTREE
) ENGINE = InnoDB AUTO_INCREMENT = 36 CHARACTER SET = utf8 COLLATE = utf8_general_ci ROW_FORMAT = Compact;

-- ----------------------------
-- Records of article_article
-- ----------------------------
INSERT INTO `article_article` VALUES (1, '努力+总结=持续进步 ——我校召开2019年师范生教学技能总结会', '<p><span>12</span><span>月</span><span>20</span><span>日上午，我校</span><span>2019</span><span>年师范生教学技能总结会在恕园</span><span>5</span><span>号楼</span><span>212</span><span>会议室召开，我校教务处吴泠副处长、经亨颐教师教育学院郑生勇院长和蒋永贵副院长、我校师范生教学技能训练总指导陈作棉老师，以及部分学科教学法老师参</span><span>加了此次会议。</span></p><p style=\"text-align: center; \"><span><img src=\"/static/upload/2020-01-05-14_12_38.jpg\" alt=\"2020-01-05-14_12_38.jpg\"><br></span></p><p><span>近五年来，我校师范生教学技能竞赛成绩一直稳居浙江省前列，为总结培训与竞赛的经验与得失，进一步规范和完善培训与竞赛的组织管理，更好地为我校的师范生教学技能竞赛服务，召开了此次总结会。</span></p><p><span>首先，经亨颐教师教育学院蒋永贵副院长介绍了这几年我校师范生教学技能竞赛的情况，肯定了我校在这方面取得的成效。我校师范生教学技能竞赛的成绩不仅连续</span><span>5</span><span>年在全省领先，而且，我校也慢慢探索出了“双师三环”的实训模式，制定了师范生培养的质量标准等。同时，也提出了一些反思，如师范生教学技能训练与教育实习的冲突。</span></p><p><span>其次，学科教学法老师代表和我校师范生教学技能训练总指导陈作棉老师介绍了在师范生教学技能训练与竞赛方面的经验与心得。如老师和学生在思想上要高度重视、选拔选手要注重学科素养、训练过程中如何更有针对性等。同时也探讨了如何扩大这项比赛的影响力，让更多的学生参与进来，为我校的师范生培养做更大的贡献。</span></p><p><span>最后，经亨颐教师教育学院郑生勇院长和学校教务处吴泠副处长做了总结性的讲话指导，祝贺我校师范生教学技能竞赛取得的成绩；希望学生把学科素养和教学技能协调起来；<a name=\"_GoBack\"></a>同时希望这项比赛在师范生中做到点面结合，更好地为我校师范生总体质量的提升做出贡献。</span></p><p><span></span></p>', 1, 2, '/static/upload/2020-01-04-14_04_54.jpg', 6, 0, 0, '2020-01-04', '2020-01-05', 1);
INSERT INTO `article_article` VALUES (2, '教务处获“浙江省高校优秀教务处”称号', '<div id=\"detail_content\"><p style=\"text-align: justify;\"><span>12月26日，浙江省高等教育学会教学管理分会年会在浙江大学召开。我校教务处获“浙江省高校优秀教务处”表彰。</span></p><p style=\"text-align: justify;\"><span>会议还表彰了2019年浙江省本科院校“互联网+教学”优秀案例获奖课程，我校共有8门课程获奖。叶立军教授的《数学学科教学论》和骆蓉副教授的《英美文化》获“互联网+教学”优秀案例特等奖，吕映教授的《小学语文教学设计》、傅德田副教授的《马主义基本原理概论》和程素萍教授的《心理学基础》获一等奖，汝海龙教授的《行为生活方式与健康》、朱维琴副教授的《环境化学实验》和杨俊锋教授的《现代教育技术》获二等奖。</span></p><p style=\"text-align: justify;\"><span>近年来，学校教务处紧紧围绕学校建一流目标，稳步推进教学改革与创新，推进一流本科教学。积极推进“互联网+教学”，促进信息技术与教育教学的深度融合，有效促进人才培养模式创新。学校现有2门国家精品在线开放课程，4门省级精品在线开放课程和14门省级精品在线开放课程建设项目，17部省新形态教材。通过引进超星网络教学平台和升级教务管理系统，搭建了“互联网+教学”平台。完善教学奖励制度，设立“教学卓越奖”，激励教师更好地投入教学。</span></p>\n                  </div>', 1, 1, '/static/upload/2020-01-04-14_07_33.jpg', 14, 0, 0, '2020-01-04', '2020-01-05', 1);
INSERT INTO `article_article` VALUES (3, '历史专业培养方案认证会暨第13届历史教育“钱江论坛”成功举办', '<p><span>2019</span><span>年12月13日至12月14日，由杭州师范大学人文学院主办的历史专业培养方案认证会暨第13届历史教育“钱江论坛”在恕园23号楼成功举行。</span></p><p><span>来自华中师范大学、建德市教育局、嘉兴教育学院、温州市教育局研究室、安吉县教育局教研室、杭州学军中学、余杭高级中学、余杭中学、严州中学、朝晖中学、萧山中学、萧山二中、海宁市高级中学、桐乡市高级中学、松阳一中、德清一中和杭州师范大学等单位的专家学者及历史系学科教学方向的研究生四十余人参加了此次论坛。</span></p><p><span>14</span><span>日上午八点半，历史专业培养方案认证会在杭州师范大学人文学院历史系主任周东华的主持下顺利开幕，人文学院副院长陈兆肆表达了对与会代表的诚挚欢迎，并介绍了历史学（师范）专业培养方案及钱江论坛的基本情况。华中师范大学的向佐军老师作会议发言，介绍了师范认证的主要内容和专家进校认证注意事项，希望学院高度重视、关注细节、准备充分、保持平常心态，迎接师范认证相关工作。来自建德市教育局的张光荣；教研员戴加平、</span><span>王少莲、高建峰、李永达；用人单位领导、中学校长王伟、朱能、郑婷婷；中学一线教师</span><span>金丽</span><span>君、江松贵、</span><span>郑怡和系友代表</span><span>谢余泉、袁咏群、朱刚以及在校生代表张兑雨等</span><span>就培养方案中的培养目标、毕业要求、课程体系和师范生能力等问题进行了深度交流和研讨。</span></p><p><span></span></p><p style=\"text-align: center;\"><a href=\"https://jwc.hznu.edu.cn/upload/resources/image/2019/12/18/7548151.jpg\" target=\"_blank\"><img src=\"https://jwc.hznu.edu.cn/upload/resources/image/2019/12/18/7548151_500x374.jpg\" border=\"0\"></a></p><p><span>认证会上，各位与会专家学者围绕历史专业认证和师范生培养等话题展开了热烈讨论，特别是对于历史教学教法课程的设置、现代教育技术的强化运用、历史学科核心素养的培育进行了深入探讨。（图文/孙晴）</span></p>', 1, 1, '/static/upload/2020-01-04-14_12_25.jpg', 0, 0, 0, '2020-01-04', '2020-01-04', 1);
INSERT INTO `article_article` VALUES (4, '我校在浙江省第七届大学生中华经典诵读竞赛中喜获佳绩', '<p><span>10月19日</span><span>-</span><span>20日，浙江省第七届大学生中华经典诵读竞赛决赛在绍兴文理学院举行。</span><span><span>最终，我校斩获</span></span><span><span>本科</span></span><span><span>组一等奖</span>4个</span><span><span>、</span></span><span><span>三等奖</span>3个，集体组三等奖1个，留学生组三等奖1个。</span></p><p><span><span>本次活动在我校学科竞赛委员会的精心组织和策划下，经历校赛</span></span><span><span>选拔</span></span><span><span>、专家评审和</span></span><span><span>决</span></span><span><span>赛紧张激烈的角逐，我校学生焦舸昂、周陶妩伊、许文琼、陈璞晖获得</span></span><span><span>本科</span></span><span><span>组一等奖的好成绩，朱丽汀、竺世佑、祝闻多获得</span></span><span><span>本科</span></span><span><span>组三等奖，人文学院黄岳杰老师指导的《木兰辞》和国际教育学院姜黎黎老师、崔红梅老师指导的《江南四季组诗》分获集体组三等奖和留学生组三等奖。</span></span></p><p><span><span>据悉，</span></span><span><span>本次竞赛</span></span><span><span>由省</span></span><span><span>语委、省</span></span><span><span>大学生科技竞赛委员会主办，</span></span><span><span>绍兴文理学院承</span></span><span><span>办。</span></span><span><span>竞赛分本科组、专科组、集体组、留学生组</span></span><span>4个组别，共有56所高校的402名选手参加竞赛</span><span><span>。竞赛旨在引导大学生规范使用国家通用语言，提升大学生汉语口语表达能力，增强阅读意识，提高思维能力与语文素养，进一步了解和弘扬中华优秀文化。</span></span></p><p style=\"text-align: center;\"><a href=\"https://jwc.hznu.edu.cn/upload/resources/image/2019/10/25/7529700.jpg\" target=\"_blank\"><img src=\"https://jwc.hznu.edu.cn/upload/resources/image/2019/10/25/7529700_500x500.jpg\" title=\"选手合影\" alt=\"选手合影\"></a></p><p style=\"text-align: center;\">选手合影</p>', 2, 2, '/static/upload/2020-01-04-14_15_09.jpg', 4, 0, 0, '2020-01-04', '2020-01-05', 1);
INSERT INTO `article_article` VALUES (5, '2019年浙江省大学生高等数学竞赛获奖通知', '<p><span><span>根据《</span>2019年浙江省大学生高等数学竞赛报名通知》的文件精神，在浙江省高校高等数学教学研究会的指导下、竞赛组委会的精心组织、全体同学的积极参与下，本次2019年浙江省大学生高等数学竞赛圆满落幕。</span></p><p><span>2019年浙江省大学生高等数学竞赛（浙江赛区）成绩已经揭晓，但截至目前，奖状尚未邮寄到我校，将另行通知发放，其他相关事宜请联系理学院丁老师，电话：0571-28865289,15990168300。</span></p>', 3, 2, '/static/upload/2020-01-04-14_18_46.jpg', 3, 0, 0, '2020-01-04', '2020-01-05', 1);
INSERT INTO `article_article` VALUES (6, '邱锋', '<p class=\"p0\"><span></span><span>邱锋，我校<font face=\"Times New Roman\">83</font><font face=\"宋体\">届英语专业毕业生，浙江省英语特级教师，享受正教授待遇的中学高级教师；现任杭州第十四中学校长；国家基础教育实验中心外语教育研究中心委员；浙江省外语教学研究会副会长；杭州市外语教学研究会理事长；杭州市第十一届人大代表。</font></span><span></span></p>\n<p class=\"p0\"><span>她忠诚党的教育事业，模范地履行了一个教育工作者的职责。她精通教育教学业务，通过科学研究，积极探索出了一条适合学生认知水平和成长规律的“资优生”培养方法；她注重以人为本的管理原则，创造了一套以“和谐”为特色的管理体系。先后被评为杭州市优秀教师、杭州市为人师表优秀教师、杭州市三八红旗手、杭州市十大杰出青年、杭州市‘新长征突击手’、杭州市政府特殊津贴获得者、</span><span></span></p>\n<p class=\"p0\"><span>浙江省中小学师德楷模、浙江省功勋教师、浙江省第七批特级教师、第三届全国中小学外语教师园丁奖、全国优秀教师、全国三八红旗手称号等荣誉。近几年来主持了多个省级课题，主编出版了《追求卓越》、《新课程背景下的英语<font face=\"Times New Roman\">TBL</font><font face=\"宋体\">教学》等著作。</font></span></p>', 1, 3, '/static/upload/2020-01-04-14_28_55.jpg', 2, 0, 0, '2020-01-04', '2020-01-05', 0);
INSERT INTO `article_article` VALUES (7, '王昆欣', '<p> \n	\n		</p><div class=\"panel-img\">\n			<img src=\"http://xiaoyou.hznu.edu.cn/web/img/newinfopic.jpg\" width=\"100%\">\n		</div>\n		<div class=\"panel-site\">您的位置:<a href=\"http://xiaoyou.hznu.edu.cn/other/viewnews?id=7144\">首页</a>&gt;<span>校友风采</span></div>\n	  \n		\n			<h3 class=\"news-title\">王昆欣</h3>\n			<div class=\"news-time\">2012-11-16 22:12:13&nbsp;&nbsp;<span>点击量：3327</span>\n			<span>来源：</span> &nbsp; \n			<span>作者：</span></div>\n			\n			<p><img src=\"http://xiaoyou.hznu.edu.cn/admin/webedit/UploadFile/20121116221724752.jpg\" border=\"0\"></p>\n<p>&nbsp;</p>\n<p class=\"p0\"><span>&nbsp;&nbsp; </span></p><span>\n<div class=\"Section0\">\n<p class=\"p0\"><span></span></p>\n<p class=\"p0\"><span></span></p>\n<p class=\"p0\"><span><strong>&nbsp;&nbsp;&nbsp;&nbsp;&nbsp;&nbsp;&nbsp;&nbsp;&nbsp;&nbsp;</strong></span></p>\n<div class=\"Section0\">\n<p class=\"p0\" style=\"text-align: center;\"><strong><span>上善若水&nbsp;&nbsp;厚积薄发</span><span></span></strong></p>\n<p class=\"p0\" style=\"text-align: center;\"><strong><span>——访浙江旅游职业学院党委书记、院长王昆欣校友</span><span></span></strong></p>\n<p class=\"p0\" style=\"text-align: center;\"><span>盛颖</span><span></span></p>\n<p class=\"p0\"><span>　　　　　　　　　　</span><span></span></p>\n<p class=\"p0\" style=\"text-align: justify;\"><span>　　</span><span>处事待人，他温文尔雅，从容真诚；学术面前，他刻苦专研，锲而不舍；面对生活，他积极热情，不骄不躁。这就是我所见的他——浙江旅游职业学院党委书记、院长王昆欣，一位严谨执著的学者，一位丹心育人的老师，一位平易近人的学长……今天我们有幸与王昆欣学长面对面地交谈，分享他充满故事的非凡人生。</span><span></span></p>\n<p class=\"p0\" style=\"text-align: center;\"><span>天道酬勤，谈笑往日风雨</span></p>\n<p class=\"p0\" style=\"text-align: center;\"><span></span><span></span>&nbsp;</p>\n<p class=\"p0\" style=\"text-align: justify;\"><span>　　</span><span>1983年从我校数学系毕业后，王昆欣便留在学校工作。从数学系到教务处，再到成教处，学长扎根母校14年。也就是这在母校工作的经历，使学长积累了早期的工作经验。1996年11月，学长正式转到浙江省旅游学校当校长。建校初期，学校面临着重重困难：办学经费紧张、师资力量薄弱、专业少等等。而学长却一直坚守在那里，现在的浙江旅游职业学院已是全国旅游院校中第一所通过联合国世界旅游组织旅游教育质量认证的院校和唯一一所国家旅游局旅游标准化试点单位，是中国旅游教育“五星联盟”院校之一，可谓浙江旅游业的“黄埔军校”。</span><span></span></p>\n<p class=\"p0\" style=\"text-align: justify;\"><span>　　</span><span>回忆起母校，学长印象最深的便是新生开学报道后三天的“军训”。同学们一起搬砖、挑沙，建起了大家的新宿舍。经历过文革，大家都对这来之不易的学习机会和“千军万马过独木桥”得来的大学名额格外珍惜。虽说当时的条件十分的艰苦，但每个人都十分刻苦地学习。想起这些，学长感叹现在终于苦尽甘来，学生能有丰富的物质资源和优美的学习环境。工作期间，学长也从未间断学习和自我提升，曾多次出国进修学习，并获得了澳大利亚堪培拉大学教育学硕士研究生学位。</span><span></span></p>\n<p class=\"p0\" style=\"text-align: center;\"><span>任重道远，建设专业学院</span></p>\n<p class=\"p0\" style=\"text-align: center;\"><span></span><span></span>&nbsp;</p>\n<p class=\"p0\" style=\"text-align: justify;\"><span>谈到旅游职业学院的建设，学长用了一句话概括：围绕旅游办专业，围绕旅游育人才，围绕旅游搞科研，围绕旅游强服务。学长也强调达到国际水平，是学校一直不断努力的方向。每年，学校都会派出大量的学生出国实习和学习，使得学生的就业率和就业质量得到了很大的提升。比如赴日研修生回国后，由于他们有对日本文化、民族习俗、风土人情、处事方式等方面熟悉和交往的背景，在艰苦环境下磨砺出来的吃苦耐劳精神和事业上的拓展能力，在相关职场很抢手，8人进入全日本航空公司工作，其他的都进入了国际旅行社或高星级酒店。另外“校企合作、工学结合”始终是学校人才培养的鲜明特色。学长向我们介绍目前学院已于开元旅业集团、世贸君澜酒店集团、迪拜帆船酒店等180多家国内外知名旅游企业签订多种类型的合作协议，创建了“开元学院”、“君澜学院”、“南苑学院”等企业学院，这都为学生的学习和就业提供了良好的保障。学长说他一直致力于将学校建设成为“学生满意，行业认可”的一流学校。</span></p><span>\n<p class=\"p0\" style=\"text-align: center;\"><span>殷殷期盼，寄语学弟学妹</span><span></span></p></span><span></span>\n<p class=\"p0\" style=\"text-align: justify;\" align=\"left\"><span>&nbsp;</span><span>　<strong>　</strong></span><span>　　</span><span>学校每年会向社会输出大量的教育人才，对于这些即将步入教师岗位的学弟学妹们，学长分享了他的3点经验：一、认真的工作态度，吃苦耐劳的工作精神。大学毕业无论什么工作都需要从基层做起，这就需要有勤勤恳恳和任劳任怨的精神；二、在学校必须要学好本专业的技能。无论什么工作，都需要真才实学；三、切记浮躁，工作的经历也是积累的过程，学会坚守。人生的第一份工作往往是很重要的，要把握好自己的定位，面对挫折不能放弃，厚积而薄发。</span><span></span></p>\n<p class=\"p0\" style=\"text-align: justify;\"><span>　　</span><span>时光荏苒，学长已毕业数年，但他对母校的关注从未间断。他对于杭州师范大学实现建设省内乃至国内一流综合性大学的办学目标表示支持，认为这是所有杭师大学子的骄傲。最后，我们也诚挚地邀请学长常回母校看看。</span></p><span>\n<p class=\"p0\" style=\"text-align: left;\"><font size=\"4\"><span>【王昆欣</span><span>】</span><span></span></font></p></span><span></span>\n<p class=\"p0\"><span></span></p>\n<p class=\"p0\"><span></span></p>\n<p class=\"p0\"><span>&nbsp;&nbsp;&nbsp;&nbsp;&nbsp;&nbsp;</span></p>\n<p class=\"p0\" style=\"text-align: left;\"><span>王昆欣，教授，硕士研究生导师。我校1983届数学专业及第一期中澳硕士班毕业生，现任浙江旅游职业学院党委书记、院长，中国旅游协会教育分会副会长，浙江省旅游协会副会长。</span><span></span></p>\n<p class=\"p0\" style=\"text-align: left;\"><span>长期从事旅游教育与旅游科学研究，具有丰富的理论与实践经验。现为教育部高职高专旅游管理专业教学指导委员会委员、教育部高职高专院校人才培养工作水平评估专家、浙江省教育厅高职高专旅游类专业教学指导委员会主任委员、浙江省高校中青年学科带头人。</span><span></span></p>\n<p class=\"p0\" style=\"text-align: left;\"><span>近几年，先后在《旅游学刊》、《旅游科学》、《旅游管理》、《中国会展》、《人文地理》、《旅游调研》等旅游经济核心刊物上发表论文20余篇；出版《乡村旅游与社区可持续发展研究》、《旅游资源评价与开发》、《高等旅游职业教育国际化人才培养的研究与实践》等专著。主持国家社科基金项目、教育部、国家旅游局、浙江省社科重大招标课题等10余项，主讲课程《旅游资源评价与开发》为教育部高校国家级精品，主持的教学团队2010年获教育部国家级教学团队的称号。</span><span></span></p>\n<p class=\"p0\"><span>&nbsp;&nbsp;&nbsp; 2009年获教育部第六届国家级教学成果二等奖，获浙江省高校教学成果一、二等奖各1项，获浙江省高校科研成果三等奖2项。曾担任2007年</span><span>“天河潭”杯</span><span>全国导游邀请赛</span><span>（贵阳）</span><span>专家，&nbsp;2010年全国导游大赛决赛中文评审组组长。</span></p></div></div></span>', 4, 3, '/static/upload/2020-01-04-14_29_57.jpg', 1, 0, 0, '2020-01-04', '2020-01-05', 0);
INSERT INTO `article_article` VALUES (8, '锐意进取，先进思想的传播者', '<p class=\"p0\" style=\"text-align: center;\"><span>锐意进取，先进思想的传播者</span><span></span></p>\n<p class=\"p0\" style=\"text-align: center;\"><span>&nbsp;&nbsp;&nbsp;&nbsp;&nbsp;——访余杭育才小学校长周建忠校友</span><span></span></p>\n<p class=\"p0\" style=\"text-align: center;\"><span></span></p>\n<p class=\"p0\" style=\"text-align: center;\"><span>文</span><span>/</span><span>钱乾、黄金</span><span></span></p>\n<p class=\"p0\"><span>　　　　　　　　　　</span><span></span></p>\n<p class=\"p0\"><span>　　</span><span>“不是槌的打击，乃是水的载歌载舞，使鹅卵石臻于完美。”这是泰戈尔的名言，也是前临平一小校长周建忠的座右铭。在将近一个小时的访谈中，这位登上了《小学德育》封面的魅力校长，以其独特的人格魅力和温文尔雅的亲和力，为我们展示了一个多面的立体的成熟男人的心路历程，这一路走来的泪水欢笑，点点滴滴，故事里的几多曲折，又岂是旁人所能感同身受的呢？&nbsp;&nbsp;&nbsp;&nbsp;&nbsp;&nbsp;&nbsp;&nbsp;&nbsp;&nbsp;&nbsp;&nbsp;&nbsp;&nbsp;&nbsp;&nbsp;</span><span></span></p>\n<p class=\"p0\" style=\"text-align: center;\"><span>塑造未来的大学生涯</span><span></span></p>\n<p class=\"p0\"><span>　　</span><span>沏下一壶清茶，茶香氤氲中周校长道起了往事：上世纪的八十年代，当杭师大还是前身杭州师范学校的时候，周校长和其他的年轻人一样，抱着满腔热血，怀着凌云壮志进入了这个高等学府，展开了求学的精彩旅程。</span><span></span></p>\n<p class=\"p0\"><span>　　</span><span>“当时的学校非常注重学生的基本素养的培养，开设了包括音乐绘画在内的诸多课程，旨在发掘学生的潜能，以便进一步培养深造。我记得当时我选修的是钢琴和绘画，到现在我还是可以弹奏一些钢琴曲目的……”周校长说这些的时候始终嘴角上扬，脸上</span><span>着</span><span>对母校难以掩饰的自豪和骄傲。事实证明，当时的政策确实培养了一大批拥有一技之长在社会上拥有一定影响力的艺术人才，反观现在的大学教育，专业化程度大大提高，从一定程度上减少了学生接触其他课程的机会，于学生的特长开发造成了阻碍，这个问题值得我们深思。</span><span></span></p>\n<p class=\"p0\"><span>　　</span><span>周校长在求学时期可谓意气风发，“文学社骨干成员”，“学习部长”，“征文比赛一等奖”，这个当年的文艺青年不失时机地展现着自己的魅力。他们当时的课余生活也与现在的青年男女截然不同，他们似乎更注重精神方面的修养，他们会在绿树成荫的湖畔写生，也会在夕阳西下的时候讨论哲学问题，尽管他们常常会因思考人生而感到迷茫，但他们有着坚定的目标，也愿意为之付出持续不断的努力。</span><span></span></p>\n<p class=\"p0\"><span>　　</span><span>图书馆是精神给养的宝库，也是我们不断推陈出新，革故鼎新，思想得到启发，视野得到开阔的源泉。周校长坚定地认为，无论是过去还是现在乃至将来，大学生都应该把自己的大部分时间投入在不断汲取知识给自己充电上，“饱读诗书气自华”，周校长的思想与古人的谆谆教诲契合为一，只有丰富的专业知识才是我们强大的后盾，找到方向积蓄力量，厚积而薄发，这样你会有“海阔凭鱼跃，天高任鸟飞”的自在愉快之感。</span><span></span></p>\n<p class=\"p0\" style=\"text-align: center;\"><span>小试牛刀的毕业之后</span><span></span></p>\n<p class=\"p0\"><span>　　</span><span>毕业后的周校长先后担任了语文、数学、思品和美术等学科的教学工作。之后的周校长在临平一小这所百年老校担任起了历时长达十年的校长，从一开始的超额完成任务到后来的连续评为区优，省优甚至是国优。周校长始终认为：优秀是一种习惯，一个人唯有拼尽全力去做一件事，方可无悔于自己的付出，也必将做到最好。正是校长的尽职尽责和一丝不苟的态度，临平一小才把百年老校的光芒尽情挥洒。每每提起这些，周校长总会在感慨时光荏苒的同时，也诉说起他当时的困惑。</span><span></span></p>\n<p class=\"p0\"><span>　　</span><span>“当时的工人工资约为教师的两倍，而一个教师如果单凭自己的微薄薪水，可能连保障最基本的生活需要都略显吃力，因此许多和我一样对教育事业怀着满腹志向的人都另择他业，另谋他途。”自然他也曾经动摇过，他也曾经怀疑过自己的做法是否正确，</span><span>也有</span><span>对现状的思考与徘徊。当然我们知道周校长内心深处还是热爱着这份工作的，信仰是金钱物质无法改变的，而且由于当时的客观因素影响，周校长也就坚持着走到了今天。</span><span></span></p>\n<p class=\"p0\"><span>　　</span><span>“今天很残酷，明天更残酷，后天很美好，但绝大多数人死在明天晚上。”正如我们的明星校友马云所说的，历经考验的彼岸，我们总会看到繁华旖旎的春天。</span><span></span></p>\n<p class=\"p0\" style=\"text-align: center;\"><span>硕果累累的教学研究</span><span></span></p>\n<p class=\"p0\"><span>　　</span><span>提起教学研究，课程改革，周校长总是能滔滔不绝地阐述他的先进思想，他高产的优秀论文广为传阅，也得到业内的一致认可；他关于课改的独到犀利的见解吸引着人们的眼光。除了研究，他也非常注重实践，他在各地的讲座公开课是他实践的有力证明，很多读者听众都被他的勇气和智慧深深吸引，更为他的谦逊和亲和力而深深赞叹。“他是一个执着的实践者，在繁忙的教学管理之余潜心&nbsp;于教学；他是个勤奋的研究者，不倦地笔耕，不断地探索教学理论和艺术；他也是热心的指导者，悉心地同热爱品德课程和教学的老师商讨。”这是省教研员和特级教师对他的高度赞扬。</span><span></span></p>\n<p class=\"p0\"><span>　　</span><span>闲暇时周校长不是一壶清茶一段浮生，而是选择了选修别的课程增长自己的见识。《公共管理学》、《企业管理原理》、《市场营销》这些周校长最为得意的选修课给周校长之后的学校管理工作带来了极大的启发与莫大的帮助，周校长认为营销与学校运作其实有异曲同工之处，市场产品的推广需要宣传，同样，学校发展也可以从中有所借鉴。周校长还曾帮助朋友的公司做过一个创意十足的广告企划，深受认可，可见他在企宣方面也有着不为人知的天赋，低调做人，高调做事，这是我们眼里的周校长。</span><span></span></p>\n<p class=\"p0\" style=\"text-align: center;\"><span>寄语当代莘莘学子</span><span></span></p>\n<p class=\"p0\"><span>　　</span><span>对于当代的大学生普遍存在大学阶段目的不清晰，定位不明确的问题，周校长认为这源于学生个人对于工作单纯的谋生要求与学校和社会的高要求形成了落差，这是社会制度的问题；同时，现在的教学质量偏低，课堂上学生能学到的东西太少，学生的视野受到很大的局限。</span><span></span></p>\n<p class=\"p0\"><span>　　</span><span>对于这个问题，首先周校长认为教师应该非常负责任地做好学生的课程教授工作，其次在条件允许的情况下为学生提供课外学习的平台。而学生自身呢，也不能单纯满足于课堂，要立足课堂，放眼世界，珍惜在大学的每一天，注重自身品德的修养，用自己的热情努力做好每一件事，静静等待岁月给你的回馈。“目标明确，定位清晰，努力奋斗，永不言弃。”这是周校长的十六字箴言。</span><span></span></p>\n<p class=\"p0\"><span>　　</span><span>黄昏渐至，茶香散去，我们的采访也将近尾声，与智者的对话总是愉悦而短暂的，一个小时的时光，我们被周校长的人格魅力深深折服。</span><span></span></p>\n<p class=\"p0\"><span>　　</span><span>（后记：我们起身的时候注意到，周校长一直保存并使用着校友纪念的茶杯，他对母校深沉的爱也无需赘述了，我们都爱这位优秀的校友。）</span><span></span></p>\n<p class=\"p0\"><span></span></p>\n<p class=\"p0\"><span>【周建忠简介</span>】　</p>\n\n<p class=\"p0\"><span>　　周建忠</span><span>，我校1986届普师专业毕业生。1986年8月参加工作，2002年2月-2012年8月担任余杭区临平一小校长、党支部书记，2012年8月担任余杭区育才实验小学校长，中学高级教师。主要研究领域：学校管理、德育和品德学科教学。</span><span></span></p>\n<p class=\"p0\"><span>　　</span><span>担任学校管理工作期间，学校先后两度获得全国少先队红旗大队，评为全国优秀家长学校、全国艺术教育先进集体、浙江省特色学校、杭州市优秀教育集团等20多项全国、省市级荣誉。浙江省10多家媒体先后报道学校的课程改革工作。</span><span></span></p>\n<span>　　</span><span>他先后承担省市级研究课题3项，执教了浙江省特级教师大讲台公开课、浙江省“课改巡礼”教学展示课、浙江省品德新课程研讨课、“浙派名师”展示课等省、市级公开课20余节，为人教社、浙教社等拍摄了七次教学录像课供全国发行，获得教育部基础教育课程发展中心举办的“全国首届新课程优秀课例”一等奖，浙江省教育厅课改领导小组举办的“课改巡礼”教学比赛一等奖和校长论坛一等奖。在浙江省课改巡礼活动、余杭区“全国课程改革研讨活动”等重大活动中作报告，20多次应邀到重庆、广西和浙江的湖州、杭州、金华、丽水、舟山等地作课程培训和讲座。参与了省新课程指导用书的编写和浙江省品德新教材选用评估工作，在核心刊物《基础教育课程》、《中国教育报》、《小学德育》、《教学与管理》等国家和省级刊物发表论文30篇。先后评为余杭区名教师，余杭区劳动模范，杭州市教坛新秀、学科带头人，杭州市优秀教育工作者，杭州市星星火炬事业功臣，杭州市优秀党员，杭州市名教师，浙江省春蚕奖，全国科研兴校优秀校长，列入国家“211工程”名教师培养人选，浙江省骨干教师高级访问学者，杭州市名校长报告团成员。</span>', 4, 3, '/static/upload/2020-01-04-14_31_12.jpg', 1, 0, 0, '2020-01-04', '2020-01-05', 0);
INSERT INTO `article_article` VALUES (9, '润物细无声  ——记湖州市聋哑学校校长顾海琴校友', '<p class=\"p0\" style=\"text-align: center;\"><span>润物细无声</span><span></span></p>\n<p class=\"p0\" style=\"text-align: center;\"><span>——记湖州市聋哑学校校长顾海琴校友</span><span></span></p>\n<p class=\"p0\" style=\"text-align: center;\"><span>(文/沈培良、徐雨晨、朱丽雅)</span><span></span></p>\n<p class=\"p0\"><span></span></p>\n<p class=\"p0\"><span>　　</span><span>湖州市聋哑学校是一所普普通通的学校，校园里没有气派的操场，没有华丽的装饰，但却充满了温暖和关爱。从1987年建校至今，它一直安安静静地坐落在湖州市的城郊，冬去春来，时光流转间一花一草都在悄然变化着，唯一不变的，是孩子们的欢声笑语以及老师们的谆谆教导。</span><span></span></p>\n<p class=\"p0\"><span>　　</span><span>顾海琴是我校杭州师范大学的中文系校友，是一位普普通通的中年女校长，她质朴无华，温柔细致，25年来默默耕耘，无私奉献。她以自己独有的方式践行并诠释着作为一位特殊教育工作者的平凡与伟大。</span><span></span></p>\n<p class=\"p0\"><span>　　</span><span>25年前的夏日，刚刚跨出学校大门的顾海琴由于德智体美各项优秀被分配到湖州市聋哑学校任教。说起初到学校的情景，顾海琴依旧印象深刻，她笑着说：“我应该算是伴随着学校一块儿成长的。那是湖州市创办聋哑学校的第一年，教学模式，学生选拔条件，经费问题……所有的一切都在摸索中前进。”从教之前并没有学过手语，因此顾海琴和其他老师一起赶赴绍兴进行专业的教学培训。短短两个月的时间要想精通手语，那远远不够，所以，自学手语成了顾海琴闲暇时最重要的娱乐活动。等到开学，顾海琴自信满满地站上三尺讲台，但是当她面对一群看不懂手语，无法表达的聋哑学生时，她还是有些无措。困难是不可避免的，年轻的女孩心存热血与激情，耐心地摸索探究，从点滴入手，教导学生们学会“听”各种声音和“说话”。“语文，数学我都教，那时候学校老师人数不够，大家都是一个人教好多门学科的……当时我还教体育呢。”说起这些的时候，顾海琴脸上洋溢着笑容，仿佛又回到了那个神采飞扬的年纪。</span><span></span></p>\n<p class=\"p0\"><span>　　</span><span>因为年轻，所以不觉得劳累。因为热情，所以甘于奉献。顾海琴在与聋哑学生的朝夕相处中体会到他们的悲欢喜乐，她渐渐意识到聋哑孩子无法真实感知大千世界的奇声妙语，无法像正常孩子那样被社会接受</span><span>，</span><span>拥有幸福的童年，这是何其不幸之事。也是从那一刻起，顾海琴的心日渐坚定，她默默告诉自己：要教予学生知识，给予他们关爱，把他们培养成有用之人。人生有涯而爱无涯，风雨飘摇一路走来，顾海琴从未忘记过当初的决心，她将关爱细心地洒向学生心田，她从一位普通教师成长为一校之长。</span><span></span></p>\n<p class=\"p0\"><span>　　</span><span>对于学生来说，顾海琴更像是亲人，是伟大的母亲。学校接收的很多孩子来自农村，家庭经济条件差，家长观念陈旧，正因为这样，很多聋哑孩子得不到父母之爱，内心孤僻。为了让学生体会到家庭的温暖，双休日顾海琴会接几个学生回家，陪着他们玩耍学习。渐渐地，有更多的老师加入到接学生回家过双休日的行列中来，师生间的关系在日复一日的相处中更加亲密无间，孩子的心扉被打开，纯真的笑容格外温暖。有次半夜，一个学生急性病发作送往医院，陪在学生身旁寸步不离的不是他的父母，而是顾海琴和聋哑学校的老师。几千块钱的医疗费让一个家庭不堪重负，到最后，还是学校凑了钱帮忙交的。如此种种，在顾海琴看来都是些微不足道的小事。她说：“这还远远不够，我只是尽了我自己的努力罢了。”家庭与学校之间，她不假思索地将天平倾向学校这一边，把原本给予自己孩子的爱分出一大部分给了聋哑学校的孩子。不是亲人，却胜似亲人。</span><span></span></p>\n<p class=\"p0\"><span>　　</span><span>作为一名校长，她兢兢业业，管理有方。学校现有学生122个（最多的时候有210个），在聋哑学校中算得上规模庞大。九年制义务教育，从小学到初中毕业，顾海琴深刻地明白，他们并不只是单纯地教予学生知识，更重要地是，他们陪伴着学生成长。学校采用类似军事化的管理模式，以提高聋哑学生的自理能力；生活老师24小时交替值班，时刻了解学生的心理及生活状况。“我认为我们学校的教育和普通学校不同，我们的教育是生存教育，是职业教育，最重要的是将学生培养成心智健全的人”顾海琴如是说。二十几年来，学校的办学经验日渐成熟，分层教育成了教学的重要组成部分。根据学生智力状况，听觉受损程度等，开设口语班，专门进行一对一，一对二的训练，尽可能地让学生回归正常生活。家长与学校间的互动也在校方的努力下日益增多。从最初的三个月放一次假到如今的每周放一次假，顾海琴通过组织开展家长会</span><span>,</span><span>家长讲座等活动拉近学生与家长的距离以改善亲情匮乏的状况，让学生学会感恩。政府的财政支持以及社会各界的捐赠帮助给了聋哑学校持之以恒的动力，看着学校公告栏上贴出的支出明细，我们知道，这所有的一切都用在了学生身上。</span><span></span></p>\n<p class=\"p0\"><span>　　</span><span>丝丝入扣的春雨，随风潜入夜，润物细无声。春雨滋润后的大地，在灿烂的阳光中呈现出一片生机勃勃的景象。而顾海琴的爱，就像这无声的春雨，养育着一个个残缺的聋哑儿，为他们编制出充满梦想与希望的童话。</span><span></span></p>\n<p class=\"p0\"><span>　　</span><span>“我有一个愿望，如果能够从0岁起对聋哑儿进行干预，那是再好不过了。”虽然由于经济条件，城市发展水平的限制，顾海琴的愿望还不能够实现，但是我们知道，总有一天她的美好愿望会成为现实。</span></p><span>\n<p class=\"p0\" style=\"text-align: left;\"><font size=\"4\"><span>【顾海琴</span><span>】</span></font></p><font size=\"4\"><span>\n<div class=\"Section0\">\n<p class=\"p0\"><span>　　顾海琴，女，<font face=\"Calibri\">1969</font><font face=\"宋体\">年生，中学高级教师，任教于湖州市聋哑学校。从事听障教育</font><font face=\"Calibri\">25</font><font face=\"宋体\">年，曾荣获湖州市委级先进工作者、湖州市残疾人三项康复五年工作先进个人、湖州市优秀教师、湖州市优秀共产党员、湖州市第七届教坛新秀、湖州市第三届教学能手等荣誉称号。</font></span></p></div></span></font></span>', 2, 3, '/static/upload/2020-01-04-15_18_24.jpg', 0, 0, 0, '2020-01-04', '2020-01-04', 0);
INSERT INTO `article_article` VALUES (10, '111', '1111', 1, 1, '/static/upload/2020-01-05-09_45_47.png', 0, 0, 0, '2020-01-05', '2020-01-05', 0);
INSERT INTO `article_article` VALUES (11, '陈春雷调研教师教育实验实训中心并与师范生技能参赛师生座谈', '<p><span style=\"text-align: center;\">&nbsp; &nbsp; &nbsp; &nbsp; &nbsp; &nbsp; &nbsp; &nbsp; &nbsp; &nbsp; &nbsp; &nbsp; &nbsp; &nbsp; &nbsp; &nbsp; &nbsp; &nbsp; &nbsp; &nbsp; &nbsp; &nbsp; &nbsp; &nbsp; &nbsp; &nbsp; &nbsp; &nbsp; &nbsp; &nbsp; &nbsp; &nbsp; &nbsp; &nbsp; &nbsp; &nbsp; &nbsp; &nbsp; &nbsp; &nbsp; &nbsp; &nbsp; &nbsp; &nbsp; &nbsp; &nbsp; &nbsp; &nbsp; &nbsp; &nbsp; &nbsp; &nbsp; &nbsp; &nbsp; &nbsp; &nbsp; &nbsp; &nbsp; &nbsp; &nbsp; &nbsp; &nbsp; &nbsp; &nbsp; &nbsp; &nbsp; &nbsp; &nbsp; &nbsp;陈春雷调研教师教育实验实训中心并与师范生技能参赛师生座谈</span></p><p><span style=\"text-align: center;\">&nbsp; &nbsp; &nbsp; &nbsp; &nbsp; &nbsp; &nbsp; &nbsp; &nbsp; &nbsp; &nbsp; &nbsp; &nbsp; &nbsp; &nbsp; &nbsp; &nbsp; &nbsp; &nbsp; &nbsp; &nbsp; &nbsp; &nbsp; &nbsp; &nbsp; &nbsp; &nbsp; &nbsp; &nbsp; &nbsp; &nbsp; &nbsp; &nbsp; &nbsp; &nbsp; &nbsp; &nbsp; &nbsp; &nbsp; &nbsp; &nbsp; &nbsp; &nbsp; &nbsp; &nbsp; &nbsp; &nbsp; &nbsp; &nbsp; &nbsp; &nbsp; &nbsp; &nbsp; &nbsp; &nbsp; &nbsp; &nbsp; &nbsp; &nbsp; &nbsp; &nbsp; &nbsp; &nbsp; &nbsp; &nbsp;&nbsp;<img src=\"/static/upload/2020-01-05-09_52_20.jpg\" alt=\"2020-01-05-09_52_20.jpg\"><br></span></p><p><span style=\"text-align: center;\">&nbsp; &nbsp; &nbsp; &nbsp; &nbsp; &nbsp; &nbsp; &nbsp; &nbsp; &nbsp; &nbsp; &nbsp; &nbsp; &nbsp; &nbsp; &nbsp; &nbsp; &nbsp; &nbsp; &nbsp; &nbsp; &nbsp; &nbsp; &nbsp; &nbsp; &nbsp; &nbsp; &nbsp; &nbsp; &nbsp; &nbsp; &nbsp; &nbsp; &nbsp; &nbsp; &nbsp; &nbsp; &nbsp; &nbsp; &nbsp; &nbsp; &nbsp; &nbsp; &nbsp; &nbsp; &nbsp; &nbsp; &nbsp; &nbsp; &nbsp; &nbsp; &nbsp; &nbsp; &nbsp; &nbsp; &nbsp; &nbsp; &nbsp; &nbsp; &nbsp; &nbsp; &nbsp; &nbsp; &nbsp; &nbsp; &nbsp; &nbsp; &nbsp; &nbsp; &nbsp; &nbsp; &nbsp; &nbsp; &nbsp; &nbsp;&nbsp;</span><span style=\"text-align: center;\">陈春雷(左二)到教师教育实验实训中心走访调研</span></p><p><span style=\"text-align: center;\">&nbsp; &nbsp; &nbsp; &nbsp; &nbsp; &nbsp; &nbsp; &nbsp; &nbsp; &nbsp; &nbsp; &nbsp; &nbsp; &nbsp; &nbsp; &nbsp; &nbsp; &nbsp; &nbsp; &nbsp; &nbsp; &nbsp; &nbsp; &nbsp; &nbsp; &nbsp; &nbsp; &nbsp; &nbsp; &nbsp; &nbsp; &nbsp; &nbsp; &nbsp; &nbsp; &nbsp; &nbsp; &nbsp; &nbsp; &nbsp; &nbsp; &nbsp; &nbsp; &nbsp; &nbsp; &nbsp; &nbsp; &nbsp; &nbsp; &nbsp; &nbsp; &nbsp; &nbsp; &nbsp; &nbsp; &nbsp; &nbsp; &nbsp; &nbsp; &nbsp; &nbsp; &nbsp; &nbsp; &nbsp; &nbsp; <img src=\"/static/upload/2020-01-05-09_52_56.jpg\" alt=\"2020-01-05-09_52_56.jpg\"><br></span></p><p><span style=\"text-align: center;\">&nbsp; &nbsp; &nbsp; &nbsp; &nbsp; &nbsp; &nbsp; &nbsp; &nbsp; &nbsp; &nbsp; &nbsp; &nbsp; &nbsp; &nbsp; &nbsp; &nbsp; &nbsp; &nbsp; &nbsp; &nbsp; &nbsp; &nbsp; &nbsp; &nbsp; &nbsp; &nbsp; &nbsp; &nbsp; &nbsp; &nbsp; &nbsp; &nbsp; &nbsp; &nbsp; &nbsp; &nbsp; &nbsp; &nbsp; &nbsp; &nbsp; &nbsp; &nbsp; &nbsp; &nbsp; &nbsp; &nbsp; &nbsp; &nbsp; &nbsp; &nbsp; &nbsp; &nbsp; &nbsp; &nbsp; &nbsp; &nbsp; &nbsp; &nbsp; &nbsp; &nbsp; &nbsp; &nbsp; &nbsp; &nbsp; &nbsp; &nbsp; &nbsp; &nbsp; &nbsp; &nbsp; &nbsp; &nbsp; &nbsp; &nbsp; &nbsp; &nbsp; &nbsp; &nbsp; &nbsp; &nbsp; &nbsp; &nbsp;</span><span style=\"text-align: center;\">陈春雷一行与参赛师生合影</span></p><p><span><br></span></p><p></p><p style=\"text-align: justify;\"><span>&nbsp; &nbsp; &nbsp; &nbsp;1月2日，校党委书记陈春雷、校党委副书记王利琳到教师教育实验实训中心走访调研，并与参加浙江省第十三届、首届长三角师范生教学技能竞赛的学生和指导教师代表进行座谈交流。校党委委员沈忠华以及学校办公室、教务处、实验室与设备管理处、发展与改革处、教育学院、经亨颐教师教育学院等单位负责人一同参加调研。</span></p><p style=\"text-align: justify;\"><span>在教师教育实验实训中心，陈春雷一行听取了教师教育实验实训中心设计与建设的汇报，并走访了数据中心、未来教育论坛、智慧微格实训教室、云课堂、教学评价室、智慧教室、普通话实训室等教师教育实验实训室，还到数字化软笔书法实训室参与体验。</span></p><p style=\"text-align: justify;\"><span>&nbsp; &nbsp; &nbsp; &nbsp; 在随后召开的座谈会上，在听取了经亨颐教师教育学院负责人关于近5年师范生技能竞赛总结报告和师生代表发言后，陈春雷向参赛师生表示祝贺，并提出四点要求：一要做好总结，全面梳理竞赛经验，总结规律、标准等，组织每位参赛学生撰写收获感悟；二要做好分享，通过专题讲座等形式，分享比赛心得，做好教学能力提升交流；三要做好推广，将好的经验在全校、全省乃至全国师范院校推广；四要做好引领，引领我校卓越师范生培养及未来的教师培养。</span></p><p style=\"text-align: justify;\"><span>&nbsp; &nbsp; &nbsp; &nbsp;针对教师教育改革工作，王利琳要求，一要坚定教师教育改革方向，进一步做好落地和夯实的工作；二要积极探索实训中心最优化运行机制、书院制建设等，多出理论成果；三要将学校师范生技能提升从“盆景”向“风景”发展，让成果惠及更多学生。</span></p>', 2, 1, '/static/upload/2020-01-05-09_53_48.jpg', 1, 0, 0, '2020-01-05', '2020-01-05', 0);
INSERT INTO `article_article` VALUES (12, '上善若水  厚积薄发', '<div class=\"Section0\"><div class=\"Section0\"><p class=\"p0\" style=\"text-align: center;\"><strong><span>上善若水&nbsp;&nbsp;厚积薄发</span><span></span></strong></p><p class=\"p0\" style=\"text-align: center;\"><strong><span>——访浙江旅游职业学院党委书记、院长王昆欣校友</span><span></span></strong></p><p class=\"p0\" style=\"text-align: center;\"><span>盛颖</span></p><p class=\"p0\" style=\"text-align: justify;\"><span>　　</span><span>处事待人，他温文尔雅，从容真诚；学术面前，他刻苦专研，锲而不舍；面对生活，他积极热情，不骄不躁。这就是我所见的他——浙江旅游职业学院党委书记、院长王昆欣，一位严谨执著的学者，一位丹心育人的老师，一位平易近人的学长……今天我们有幸与王昆欣学长面对面地交谈，分享他充满故事的非凡人生。</span><span></span></p><p class=\"p0\" style=\"text-align: center;\"><span><img src=\"/static/upload/2020-01-05-14_02_30.jpg\" alt=\"2020-01-05-14_02_30.jpg\"><br></span></p><p class=\"p0\" style=\"text-align: center;\"><span>天道酬勤，谈笑往日风雨</span>&nbsp;</p><p class=\"p0\" style=\"text-align: justify;\"><span>　　</span><span>1983年从我校数学系毕业后，王昆欣便留在学校工作。从数学系到教务处，再到成教处，学长扎根母校14年。也就是这在母校工作的经历，使学长积累了早期的工作经验。1996年11月，学长正式转到浙江省旅游学校当校长。建校初期，学校面临着重重困难：办学经费紧张、师资力量薄弱、专业少等等。而学长却一直坚守在那里，现在的浙江旅游职业学院已是全国旅游院校中第一所通过联合国世界旅游组织旅游教育质量认证的院校和唯一一所国家旅游局旅游标准化试点单位，是中国旅游教育“五星联盟”院校之一，可谓浙江旅游业的“黄埔军校”。</span><span></span></p><p class=\"p0\" style=\"text-align: justify;\"><span>　　</span><span>回忆起母校，学长印象最深的便是新生开学报道后三天的“军训”。同学们一起搬砖、挑沙，建起了大家的新宿舍。经历过文革，大家都对这来之不易的学习机会和“千军万马过独木桥”得来的大学名额格外珍惜。虽说当时的条件十分的艰苦，但每个人都十分刻苦地学习。想起这些，学长感叹现在终于苦尽甘来，学生能有丰富的物质资源和优美的学习环境。工作期间，学长也从未间断学习和自我提升，曾多次出国进修学习，并获得了澳大利亚堪培拉大学教育学硕士研究生学位。</span><span></span></p><p class=\"p0\" style=\"text-align: center;\"><span>任重道远，建设专业学院</span></p><p class=\"p0\" style=\"text-align: justify;\"><span>谈到旅游职业学院的建设，学长用了一句话概括：围绕旅游办专业，围绕旅游育人才，围绕旅游搞科研，围绕旅游强服务。学长也强调达到国际水平，是学校一直不断努力的方向。每年，学校都会派出大量的学生出国实习和学习，使得学生的就业率和就业质量得到了很大的提升。比如赴日研修生回国后，由于他们有对日本文化、民族习俗、风土人情、处事方式等方面熟悉和交往的背景，在艰苦环境下磨砺出来的吃苦耐劳精神和事业上的拓展能力，在相关职场很抢手，8人进入全日本航空公司工作，其他的都进入了国际旅行社或高星级酒店。另外“校企合作、工学结合”始终是学校人才培养的鲜明特色。学长向我们介绍目前学院已于开元旅业集团、世贸君澜酒店集团、迪拜帆船酒店等180多家国内外知名旅游企业签订多种类型的合作协议，创建了“开元学院”、“君澜学院”、“南苑学院”等企业学院，这都为学生的学习和就业提供了良好的保障。学长说他一直致力于将学校建设成为“学生满意，行业认可”的一流学校。</span></p><span><p class=\"p0\" style=\"text-align: center;\"><span>殷殷期盼，寄语学弟学妹</span><span></span></p></span><span></span><p class=\"p0\" align=\"left\" style=\"text-align: justify;\"><span>&nbsp;</span><span>　<strong>　</strong></span><span>　　</span><span>学校每年会向社会输出大量的教育人才，对于这些即将步入教师岗位的学弟学妹们，学长分享了他的3点经验：一、认真的工作态度，吃苦耐劳的工作精神。大学毕业无论什么工作都需要从基层做起，这就需要有勤勤恳恳和任劳任怨的精神；二、在学校必须要学好本专业的技能。无论什么工作，都需要真才实学；三、切记浮躁，工作的经历也是积累的过程，学会坚守。人生的第一份工作往往是很重要的，要把握好自己的定位，面对挫折不能放弃，厚积而薄发。</span><span></span></p><p class=\"p0\" style=\"text-align: justify;\"><span>　　</span><span>时光荏苒，学长已毕业数年，但他对母校的关注从未间断。他对于杭州师范大学实现建设省内乃至国内一流综合性大学的办学目标表示支持，认为这是所有杭师大学子的骄傲。最后，我们也诚挚地邀请学长常回母校看看。</span></p><span><p class=\"p0\" style=\"text-align: left;\"><font size=\"4\"><span>【王昆欣</span><span>】</span></font></p></span><p class=\"p0\" style=\"text-align: left;\"><span>王昆欣，教授，硕士研究生导师。我校1983届数学专业及第一期中澳硕士班毕业生，现任浙江旅游职业学院党委书记、院长，中国旅游协会教育分会副会长，浙江省旅游协会副会长。</span><span></span></p><p class=\"p0\" style=\"text-align: left;\"><span>长期从事旅游教育与旅游科学研究，具有丰富的理论与实践经验。现为教育部高职高专旅游管理专业教学指导委员会委员、教育部高职高专院校人才培养工作水平评估专家、浙江省教育厅高职高专旅游类专业教学指导委员会主任委员、浙江省高校中青年学科带头人。</span><span></span></p><p class=\"p0\" style=\"text-align: left;\"><span>近几年，先后在《旅游学刊》、《旅游科学》、《旅游管理》、《中国会展》、《人文地理》、《旅游调研》等旅游经济核心刊物上发表论文20余篇；出版《乡村旅游与社区可持续发展研究》、《旅游资源评价与开发》、《高等旅游职业教育国际化人才培养的研究与实践》等专著。主持国家社科基金项目、教育部、国家旅游局、浙江省社科重大招标课题等10余项，主讲课程《旅游资源评价与开发》为教育部高校国家级精品，主持的教学团队2010年获教育部国家级教学团队的称号。</span><span></span></p><p class=\"p0\"><span>&nbsp;&nbsp;&nbsp; 2009年获教育部第六届国家级教学成果二等奖，获浙江省高校教学成果一、二等奖各1项，获浙江省高校科研成果三等奖2项。曾担任2007年</span><span>“天河潭”杯</span><span>全国导游邀请赛</span><span>（贵阳）</span><span>专家，&nbsp;2010年全国导游大赛决赛中文评审组组长。</span></p></div></div>', 3, 3, '/static/upload/2020-01-05-09_59_35.jpg', 7, 0, 0, '2020-01-05', '2020-01-05', 1);
INSERT INTO `article_article` VALUES (13, '新长征突击手', '<p class=\"p0\">邱锋，我校<font face=\"Times New Roman\">83</font><font face=\"宋体\">届英语专业毕业生，浙江省英语特级教师，享受正教授待遇的中学高级教师；现任杭州第十四中学校长；国家基础教育实验中心外语教育研究中心委员；浙江省外语教学研究会副会长；杭州市外语教学研究会理事长；杭州市第十一届人大代表。</font></p><p class=\"p0\">她忠诚党的教育事业，模范地履行了一个教育工作者的职责。她精通教育教学业务，通过科学研究，积极探索出了一条适合学生认知水平和成长规律的“资优生”培养方法；她注重以人为本的管理原则，创造了一套以“和谐”为特色的管理体系。先后被评为杭州市优秀教师、杭州市为人师表优秀教师、杭州市三八红旗手、杭州市十大杰出青年、杭州市‘新长征突击手’、杭州市政府特殊津贴获得者、</p><p class=\"p0\">浙江省中小学师德楷模、浙江省功勋教师、浙江省第七批特级教师、第三届全国中小学外语教师园丁奖、全国优秀教师、全国三八红旗手称号等荣誉。近几年来主持了多个省级课题，主编出版了《追求卓越》、《新课程背景下的英语<font face=\"Times New Roman\">TBL</font><font face=\"宋体\">教学》等著作。</font></p>', 4, 3, '/static/upload/2020-01-05-10_01_15.jpg', 2, 0, 0, '2020-01-05', '2020-01-05', 1);
INSERT INTO `article_article` VALUES (14, '锐意进取，先进思想的传播者', '<p class=\"p0\" style=\"text-align: center;\">锐意进取，先进思想的传播者&nbsp;</p><p class=\"p0\" style=\"text-align: center;\">——访余杭育才小学校长周建忠校友</p><p class=\"p0\" style=\"text-align: center;\"></p><p class=\"p0\" style=\"text-align: center;\">文/钱乾、黄金</p><p class=\"p0\">　　“不是槌的打击，乃是水的载歌载舞，使鹅卵石臻于完美。”这是泰戈尔的名言，也是前临平一小校长周建忠的座右铭。在将近一个小时的访谈中，这位登上了《小学德育》封面的魅力校长，以其独特的人格魅力和温文尔雅的亲和力，为我们展示了一个多面的立体的成熟男人的心路历程，这一路走来的泪水欢笑，点点滴滴，故事里的几多曲折，又岂是旁人所能感同身受的呢？&nbsp;&nbsp;&nbsp;&nbsp;&nbsp;&nbsp;&nbsp;&nbsp;&nbsp;&nbsp;&nbsp;&nbsp;&nbsp;&nbsp;&nbsp;&nbsp;</p><p class=\"p0\" style=\"text-align: center;\">塑造未来的大学生涯</p><p class=\"p0\">　　沏下一壶清茶，茶香氤氲中周校长道起了往事：上世纪的八十年代，当杭师大还是前身杭州师范学校的时候，周校长和其他的年轻人一样，抱着满腔热血，怀着凌云壮志进入了这个高等学府，展开了求学的精彩旅程。</p><p class=\"p0\">　　“当时的学校非常注重学生的基本素养的培养，开设了包括音乐绘画在内的诸多课程，旨在发掘学生的潜能，以便进一步培养深造。我记得当时我选修的是钢琴和绘画，到现在我还是可以弹奏一些钢琴曲目的……”周校长说这些的时候始终嘴角上扬，脸上着对母校难以掩饰的自豪和骄傲。事实证明，当时的政策确实培养了一大批拥有一技之长在社会上拥有一定影响力的艺术人才，反观现在的大学教育，专业化程度大大提高，从一定程度上减少了学生接触其他课程的机会，于学生的特长开发造成了阻碍，这个问题值得我们深思。</p><p class=\"p0\">　　周校长在求学时期可谓意气风发，“文学社骨干成员”，“学习部长”，“征文比赛一等奖”，这个当年的文艺青年不失时机地展现着自己的魅力。他们当时的课余生活也与现在的青年男女截然不同，他们似乎更注重精神方面的修养，他们会在绿树成荫的湖畔写生，也会在夕阳西下的时候讨论哲学问题，尽管他们常常会因思考人生而感到迷茫，但他们有着坚定的目标，也愿意为之付出持续不断的努力。</p><p class=\"p0\">　　图书馆是精神给养的宝库，也是我们不断推陈出新，革故鼎新，思想得到启发，视野得到开阔的源泉。周校长坚定地认为，无论是过去还是现在乃至将来，大学生都应该把自己的大部分时间投入在不断汲取知识给自己充电上，“饱读诗书气自华”，周校长的思想与古人的谆谆教诲契合为一，只有丰富的专业知识才是我们强大的后盾，找到方向积蓄力量，厚积而薄发，这样你会有“海阔凭鱼跃，天高任鸟飞”的自在愉快之感。</p><p class=\"p0\" style=\"text-align: center;\">小试牛刀的毕业之后</p><p class=\"p0\">　　毕业后的周校长先后担任了语文、数学、思品和美术等学科的教学工作。之后的周校长在临平一小这所百年老校担任起了历时长达十年的校长，从一开始的超额完成任务到后来的连续评为区优，省优甚至是国优。周校长始终认为：优秀是一种习惯，一个人唯有拼尽全力去做一件事，方可无悔于自己的付出，也必将做到最好。正是校长的尽职尽责和一丝不苟的态度，临平一小才把百年老校的光芒尽情挥洒。每每提起这些，周校长总会在感慨时光荏苒的同时，也诉说起他当时的困惑。</p><p class=\"p0\">　　“当时的工人工资约为教师的两倍，而一个教师如果单凭自己的微薄薪水，可能连保障最基本的生活需要都略显吃力，因此许多和我一样对教育事业怀着满腹志向的人都另择他业，另谋他途。”自然他也曾经动摇过，他也曾经怀疑过自己的做法是否正确，也有对现状的思考与徘徊。当然我们知道周校长内心深处还是热爱着这份工作的，信仰是金钱物质无法改变的，而且由于当时的客观因素影响，周校长也就坚持着走到了今天。</p><p class=\"p0\">　　“今天很残酷，明天更残酷，后天很美好，但绝大多数人死在明天晚上。”正如我们的明星校友马云所说的，历经考验的彼岸，我们总会看到繁华旖旎的春天。</p><p class=\"p0\" style=\"text-align: center;\">硕果累累的教学研究</p><p class=\"p0\">　　提起教学研究，课程改革，周校长总是能滔滔不绝地阐述他的先进思想，他高产的优秀论文广为传阅，也得到业内的一致认可；他关于课改的独到犀利的见解吸引着人们的眼光。除了研究，他也非常注重实践，他在各地的讲座公开课是他实践的有力证明，很多读者听众都被他的勇气和智慧深深吸引，更为他的谦逊和亲和力而深深赞叹。“他是一个执着的实践者，在繁忙的教学管理之余潜心&nbsp;于教学；他是个勤奋的研究者，不倦地笔耕，不断地探索教学理论和艺术；他也是热心的指导者，悉心地同热爱品德课程和教学的老师商讨。”这是省教研员和特级教师对他的高度赞扬。</p><p class=\"p0\">　　闲暇时周校长不是一壶清茶一段浮生，而是选择了选修别的课程增长自己的见识。《公共管理学》、《企业管理原理》、《市场营销》这些周校长最为得意的选修课给周校长之后的学校管理工作带来了极大的启发与莫大的帮助，周校长认为营销与学校运作其实有异曲同工之处，市场产品的推广需要宣传，同样，学校发展也可以从中有所借鉴。周校长还曾帮助朋友的公司做过一个创意十足的广告企划，深受认可，可见他在企宣方面也有着不为人知的天赋，低调做人，高调做事，这是我们眼里的周校长。</p><p class=\"p0\" style=\"text-align: center;\">寄语当代莘莘学子</p><p class=\"p0\">　　对于当代的大学生普遍存在大学阶段目的不清晰，定位不明确的问题，周校长认为这源于学生个人对于工作单纯的谋生要求与学校和社会的高要求形成了落差，这是社会制度的问题；同时，现在的教学质量偏低，课堂上学生能学到的东西太少，学生的视野受到很大的局限。</p><p class=\"p0\">　　对于这个问题，首先周校长认为教师应该非常负责任地做好学生的课程教授工作，其次在条件允许的情况下为学生提供课外学习的平台。而学生自身呢，也不能单纯满足于课堂，要立足课堂，放眼世界，珍惜在大学的每一天，注重自身品德的修养，用自己的热情努力做好每一件事，静静等待岁月给你的回馈。“目标明确，定位清晰，努力奋斗，永不言弃。”这是周校长的十六字箴言。</p><p class=\"p0\">　　黄昏渐至，茶香散去，我们的采访也将近尾声，与智者的对话总是愉悦而短暂的，一个小时的时光，我们被周校长的人格魅力深深折服。</p><p class=\"p0\">　　（后记：我们起身的时候注意到，周校长一直保存并使用着校友纪念的茶杯，他对母校深沉的爱也无需赘述了，我们都爱这位优秀的校友。）</p><p class=\"p0\"></p><p class=\"p0\">【周建忠简介】　</p><p class=\"p0\">　　周建忠，我校1986届普师专业毕业生。1986年8月参加工作，2002年2月-2012年8月担任余杭区临平一小校长、党支部书记，2012年8月担任余杭区育才实验小学校长，中学高级教师。主要研究领域：学校管理、德育和品德学科教学。</p><p class=\"p0\">　　担任学校管理工作期间，学校先后两度获得全国少先队红旗大队，评为全国优秀家长学校、全国艺术教育先进集体、浙江省特色学校、杭州市优秀教育集团等20多项全国、省市级荣誉。浙江省10多家媒体先后报道学校的课程改革工作。</p><p>　　他先后承担省市级研究课题3项，执教了浙江省特级教师大讲台公开课、浙江省“课改巡礼”教学展示课、浙江省品德新课程研讨课、“浙派名师”展示课等省、市级公开课20余节，为人教社、浙教社等拍摄了七次教学录像课供全国发行，获得教育部基础教育课程发展中心举办的“全国首届新课程优秀课例”一等奖，浙江省教育厅课改领导小组举办的“课改巡礼”教学比赛一等奖和校长论坛一等奖。在浙江省课改巡礼活动、余杭区“全国课程改革研讨活动”等重大活动中作报告，20多次应邀到重庆、广西和浙江的湖州、杭州、金华、丽水、舟山等地作课程培训和讲座。参与了省新课程指导用书的编写和浙江省品德新教材选用评估工作，在核心刊物《基础教育课程》、《中国教育报》、《小学德育》、《教学与管理》等国家和省级刊物发表论文30篇。先后评为余杭区名教师，余杭区劳动模范，杭州市教坛新秀、学科带头人，杭州市优秀教育工作者，杭州市星星火炬事业功臣，杭州市优秀党员，杭州市名教师，浙江省春蚕奖，全国科研兴校优秀校长，列入国家“211工程”名教师培养人选，浙江省骨干教师高级访问学者，杭州市名校长报告团成员。</p>', 2, 3, '/static/upload/2020-01-05-10_03_20.jpg', 5, 0, 0, '2020-01-05', '2020-01-05', 1);
INSERT INTO `article_article` VALUES (15, '学校举行2019年度“师大荣光”学生颁奖典礼暨“学生最喜爱的老师”颁奖会', '<p style=\"text-align: center;\"><a href=\"https://www.hznu.edu.cn/upload/resources/image/2020/01/03/7550460.jpg\" target=\"_blank\"><img src=\"https://www.hznu.edu.cn/upload/resources/image/2020/01/03/7550460_500x500.jpg\" title=\"weixintupian_20200103110605\" alt=\"weixintupian_20200103110605\" suffix=\"jpg\"></a></p><p style=\"text-align: center;\"><span>颁奖会现场</span></p><p style=\"text-align: center;\"><span></span></p><p style=\"text-align: center;\"><a href=\"http://zcms.hznu.edu.cn/upload/resources/image/2020/01/03/7550458.jpg\" target=\"_blank\"><img src=\"https://www.hznu.edu.cn/upload/resources/image/2020/01/03/7550461_500x500.jpg\" title=\"weixintupian_20200103110549\" alt=\"weixintupian_20200103110549\" suffix=\"jpg\"></a></p><p style=\"text-align: center;\"><span>校长尚永丰院士为获奖学生颁奖</span></p><p style=\"text-align: center;\"><a href=\"http://zcms.hznu.edu.cn/upload/resources/image/2020/01/03/7550459.jpg\" target=\"_blank\"><img src=\"https://www.hznu.edu.cn/upload/resources/image/2020/01/03/7550462_500x500.jpg\" title=\"weixintupian_20200103110558\" alt=\"weixintupian_20200103110558\" suffix=\"jpg\"></a></p><p style=\"text-align: center;\"><span>校党委书记陈春雷讲话</span></p><p style=\"text-align: center;\"><br></p><p style=\"text-align: justify;\"><span>新年伊始，万象更新。1月2日，2019年度“师大荣光”学生颁奖典礼暨“学生最喜爱的老师”颁奖会在仓前校区叔同剧场举行，校党委书记陈春雷、校长尚永丰院士，校领导王利琳、杨磊、陈永富，党委委员戴丽敏、沈忠华出席颁奖会并为获奖师生代表颁奖。</span></p><p style=\"text-align: justify;\"><span>2019年度国家奖学金获得者、国家级一类学科竞赛获得者、社会实践活动全国先进团队和个人代表、校十佳文明班级、校自强之星等各类优秀学生和先进集体代表200余人受到学校表彰。会上还表彰了2019年“学生最喜爱的老师”，陈春雷、尚永丰和学生代表为10位获奖教师颁奖。此次“学生最喜爱的老师”评选覆盖面广、过程严谨，完全由学生推荐投票，评选出了真正受到学生喜欢的好老师。</span></p><p style=\"text-align: justify;\"><span>颁奖会上，陈春雷发表了热情洋溢的讲话。他深情回顾了学校过去一年取得的可喜成绩，充分肯定广大师生为学校发展辛勤付出、奋斗拼搏的精神，向获奖师生表示祝贺。陈春雷深情寄语同学们要坚定远大之理想，自觉争做社会主义事业的建设者和接班人；要厚植爱校之情怀，坚定地做学校各项重大决策部署的支持者、参与者、践行者；要不断增强圆梦之本领，珍惜时光，向书本学、向他人学、向实践学，既读“有字之书”，也读“无字之书”，既学治学之道，也学为人之道，善于“学思结合”“知行合一”。陈春雷寄语老师们要常怀爱生如己之心，常思立德树人之道，常修为人师表之行，用心教书、潜心育人、全心工作，在为学校提高人才培养质量、为国家和社会培养可用之才中再立新功。</span></p><p style=\"text-align: justify;\"><span>相关职能部门负责人，各学院和教学单位党政负责人出席颁奖会并为获奖学生代表颁奖。各学院分管学生工作副书记，全体辅导员，班主任、研究生导师、优秀教师代表，学生代表，获奖学生家长代表共1200余人参加颁奖会。</span></p><p style=\"text-align: justify;\"><span>据悉，“师大荣光”颁奖典礼、开学典礼、毕业典礼是学校典礼育人文化的重要组成部分。“师大荣光”学生颁奖典礼作为学校最盛大的学生表彰大会，旨在通过表彰过去一年中在学术科研、艺体竞赛、社会实践、道德风尚等方面表现优异、为学校赢得荣誉的优秀学生代表，激励广大学子自信自强、追求卓越。</span></p>', 2, 1, '/static/upload/2020-01-05-10_06_16.jpg', 0, 0, 0, '2020-01-05', '2020-01-05', 1);
INSERT INTO `article_article` VALUES (16, '美术学院教师在全国高校教师基本功展示中获佳绩', '<p style=\"text-align: center;\"><a href=\"https://www.hznu.edu.cn/upload/resources/image/2020/01/02/7550378.png\" target=\"_blank\"><img src=\"https://www.hznu.edu.cn/upload/resources/image/2020/01/02/7550378_500x500.png\" title=\"11\" alt=\"11\" suffix=\"png\"></a></p><p style=\"text-align: center;\"><span>个人全能一等奖颁奖仪式</span></p><p style=\"text-align: center;\"><a href=\"https://www.hznu.edu.cn/upload/resources/image/2020/01/02/7550379.png\" target=\"_blank\"><img src=\"https://www.hznu.edu.cn/upload/resources/image/2020/01/02/7550379_500x500.png\" title=\"22\" alt=\"22\" suffix=\"png\"></a></p><p style=\"text-align: center;\"><span>参赛教师合影（左一为许剑春）</span></p><p><br></p><p style=\"text-align: justify;\"><span>2019年12月27日至30日，2019年全国普通高等学校美术教育专业教师基本功展示活动在福建师范大学举行，我校美术学院三位老师斩获佳绩：许剑春老师获实践组个人全能一等奖（排名第1）、专业能力展示单项奖、教学展示单项奖和经典作品赏析单项奖，张旭东老师获理论组个人全能二等奖、教学展示单项奖，宣明老师获实践组教学展示单项奖。学校获优秀组织奖。</span></p><p style=\"text-align: justify;\"><span>本次展示活动由教育部主办，福建师范大学承办，教育部艺术教育委员会、中国艺术教育促进会协办。比赛分为实践组和理论组两个组别，各组均设教学展示、专业能力展示、经典作品赏析三个比赛项目。来自全国30个省（市、区）和新疆生产建设兵团68所院校美术教育专业的180多位教师参与角逐。</span></p><p style=\"text-align: justify;\"><span>本次赛事自启动以来，美术学院高度重视，积极组建参赛小组，组织教师参与比赛。比赛中，三位老师表现出扎实的专业功底和深厚的理论水平，展现了我校教师良好的精神风貌和独特的魅力风采，也彰显了我校艺术教育的浓郁底蕴与突出优势。</span></p>', 2, 1, '/static/upload/2020-01-05-10_07_07.png', 0, 0, 0, '2020-01-05', '2020-01-05', 1);
INSERT INTO `article_article` VALUES (17, '我校举办“欢聚好时光”2020年元旦文艺联欢晚会', '<p style=\"text-align: center;\"><a href=\"http://zcms.hznu.edu.cn/upload/resources/image/2019/12/31/7550225.jpg\" target=\"_blank\"><img src=\"https://www.hznu.edu.cn/upload/resources/image/2019/12/31/7550239_500x500.jpg\" title=\"weixintupian_20191231221608\" alt=\"weixintupian_20191231221608\" suffix=\"jpg\"></a></p><p style=\"text-align: center;\"><span>“欢聚好时光”2020年元旦文艺联欢晚会</span></p><p style=\"text-align: center;\"><a href=\"https://www.hznu.edu.cn/upload/resources/image/2019/12/31/7550224.jpg\" target=\"_blank\"><img src=\"https://www.hznu.edu.cn/upload/resources/image/2019/12/31/7550224_500x500.jpg\" title=\"weixintupian_20191231221600\" alt=\"weixintupian_20191231221600\" suffix=\"jpg\"></a></p><p style=\"text-align: center;\"><span>校党委书记陈春雷作新年致辞</span></p><p style=\"text-align: center;\"><a href=\"http://zcms.hznu.edu.cn/upload/resources/image/2019/12/31/7550223.jpg\" target=\"_blank\"><img src=\"https://www.hznu.edu.cn/upload/resources/image/2019/12/31/7550240_500x500.jpg\" title=\"weixintupian_20191231221338\" alt=\"weixintupian_20191231221338\" suffix=\"jpg\"></a></p><p style=\"text-align: center;\"><span>“欢聚好时光”2020年元旦文艺联欢晚会</span></p><p style=\"text-align: center;\"><br></p><p style=\"text-align: justify;\"><span><span>2019年12月31日晚，仓前校区叔同剧场</span><span>处处洋溢着欢乐喜庆气氛</span><span>，我校“欢聚好时光”2020年元旦文艺联欢晚会在这隆重举行。陈春雷、张志军、杨磊、李泽泉、方亮等校领导，全体中层干部，各类教师代表，各民主党派、统战团体代表，老同志、学生代表等近1500人欢聚一堂，共迎新年的到来，展望美好的明天。</span></span></p><p style=\"text-align: justify;\"><span>校党委书记陈春雷在文艺演出前作了热情洋溢的新年致辞，他代表学校党政向全体师生员工、广大校友和离退休老同志及社会各界关心支持杭师大建设发展的朋友们致以诚挚的问候和新年的祝福，并回顾了过去一年学校发展与建设所取得的重要成就。</span></p><p style=\"text-align: justify;\"><span>陈春雷指出，2019年是新中国成立70周年，是学校全面贯彻党的教育方针、不断加快一流大学建设步伐的重要一年。在全校师生共同努力和社会各界的大力支持下，一年来，学校人才培养质量、办学内涵与核心竞争力、服务地方与办学国际化水平、校园治理和服务师生的能力水平、以党建促发展的实效性持续提升，各项事业稳步推进，取得了丰硕成果。他号召，在新的一年，全体师大人要一如既往地凝心聚力、担当作为，团结协作、克难攻坚，共同挑起时代赋予我们的重担，认认真真做好每一天的工作，踏踏实实做好每一件事情，勤勤勉勉履行好每一项职责，以舍我其谁的主人翁姿态，一起苦、一起乐，一起冲、一起干，一起追、一起圆“师大之梦”！</span></p><p style=\"text-align: justify;\"><span>演出在《最炫拜新年》充满青春和活力的歌舞声中拉开帷幕。师生们奉献了精彩的文艺演出，既有歌，也有舞；既有小品，也有朗诵；既有合唱，也有独奏，既有模仿配音，也有原创作品。整个演出凸显杭师大“大家庭”的欢乐时光。</span></p><p style=\"text-align: justify;\"><span>校青博士会选送的歌曲串唱《春夏秋冬》，唯美的画面、伴舞和嗓音让师生领略了我校青年博士们的才艺。校工会教职工合唱团演唱的《山河已无恙》，让师生如身临其境般回到了那硝烟弥漫的艰难岁月，先烈们用鲜血为我么营造了今日美好的家园。音乐学院学生们的舞蹈《渔光曲》，娓娓道来，最是人间烟火味。后勤服务集团的小品《学海无涯》向师生们展示了后勤人的“点滴文化”，服务新校区搬迁，服务省大运会的保障工作，让师生们感受到后勤人的辛苦与付出。机关党委选送的朗诵《初心》，用铿锵有力的声音告诉师生们，我们要“不忘初心、牢记使命”。演出在全场热烈的掌声中落下帷幕。</span></p>', 4, 1, '/static/upload/2020-01-05-10_08_06.jpg', 0, 0, 0, '2020-01-05', '2020-01-05', 1);
INSERT INTO `article_article` VALUES (18, '我校喜获9个国家级一流本科专业建设点', '<p style=\"text-align: justify;\"><span>&nbsp; &nbsp; &nbsp; 近日，教育部公布了2019年度国家级和省级一流本科专业建设点名单，我校小学教育、汉语言文学、英语、化学、生物科学、高分子材料与工程、计算机科学与技术、国际商务和电子商务等9个专业获批2019年度国家级一流本科专业建设点，19个专业进入省级一流本科专业建设点。</span></p><p style=\"text-align: justify;\"><span>&nbsp; &nbsp; &nbsp; &nbsp; 教育部2019年4月启动一流本科专业建设“双万计划”，2019年至2021年建设1万个左右国家级一流本科专业点和1万个左右省级一流本科专业点。“双万计划”建设原则是面向各类高校、面向全部专业、突出示范领跑、分“赛道”建设和“两步走”实施，目的在于经过若干年的建设，到2022年，中国有1万个左右的专业可以达到世界一流的水平，使中国高等教育实现内涵式发展，建设高等教育强国。</span></p><p style=\"text-align: justify;\"><span>&nbsp; &nbsp; &nbsp; &nbsp; &nbsp;2019年教育部共认定首批4054个国家级一流本科专业建设点，其中中央赛道1691个、地方赛道2363个，确定6210个省级一流本科专业建设点。</span></p><p style=\"text-align: justify;\"><span>&nbsp; &nbsp; &nbsp; &nbsp; 我校现有招生专业64个，其中28个专业入选国家级和省级一流本科专业建设点，44%的专业进入一流专业建设行列。学校将通过完善专业建设规划、持续提升专业水平和发挥示范领跑作用，不断推进一流专业建设。</span></p>', 2, 1, '/static/upload/2020-01-05-10_09_22.jpg', 2, 0, 0, '2020-01-05', '2020-01-05', 1);
INSERT INTO `article_article` VALUES (19, '沈钧儒法学院召开2018年国家社科基金项目申报第二轮论证会', '<p style=\"text-align: center;\"><a href=\"http://fxy.hznu.edu.cn/upload/resources/image/2018/01/12/7410147.jpg\" target=\"_blank\"><img src=\"http://fxy.hznu.edu.cn/upload/resources/image/2018/01/12/7410147_500x500.jpg\" title=\"QQ图片20180112092225\" alt=\"QQ图片20180112092225\" suffix=\"jpg\"></a></p><p style=\"text-align: justify;\"><span>&nbsp; &nbsp;2018</span><span>年1月10日下午</span><span>，沈钧儒法学院在</span><span>17</span><span>号楼D101会</span><span>议室召开</span><span>2018</span><span>年国家社科基金项目申报第二轮论证会。学院邀请申报指导委员会专家教授做规范性指导，整场论证会由副院长赵元成老师主持。提交项目论证的陆永棣、蒋铁初、袁杏桃、孙益武、邓毅丞、俞静尧、王家国等老师先后陈述自己选题依据、学术价值、研究对象、研究方法、主要观点、重点难点、创新之处以及文献积累等，专家组成员分别从文献综述、研究思路、结构框架等几方面进行重点论证，对各位标书所存在的问题提出有针对性的修改意见和建议，并结合当前国内外研究热点方向和国家文化建设需求提出可拓展的研究方向。整个下午，专家组成员和答辩组老师讨论热烈，进行充分的沟通和交流，专家组的意见得到与会老师们的高度共鸣，深受鼓舞，达到了预期的目的。</span></p>', 4, 2, '/static/upload/2020-01-05-10_13_40.jpg', 3, 0, 0, '2020-01-05', '2020-01-06', 1);
INSERT INTO `article_article` VALUES (20, '学科规划', '<table border=\"0\" cellspacing=\"1\" cellpadding=\"20\" width=\"80%\" align=\"center\" class=\"layui-table\" style=\"text-align: left;\"><tbody><tr><td><p class=\"p0\"><span><span>&nbsp; &nbsp; &nbsp; &nbsp;学科建设是关键。学科竞争，如逆水行舟，不进则退。我们在推进一级法学科整体实力增强的同时，注重特色建设，实施<span>\"</span><span>小而美，特而强</span><span>\"</span><span>的学科规划理念。整合与培育若干有影响力的小学科或交叉学科，然后将这些小学科集合成群，充分彰显特色与优势。</span></span></span></p><p class=\"p0\" style=\"text-align: center; \"><span><span><span><img src=\"/static/upload/2020-01-05-14_16_54.jpg\" alt=\"2020-01-05-14_16_54.jpg\"><br></span></span></span></p><p class=\"p0\"><span><span>&nbsp; &nbsp; &nbsp; &nbsp; 经过科学规划论证，凝练了<span>5</span><span>个二级优势学科，初显成效。在现有的师资基础上，我们经过科学论证，形成了优先发展以范忠信教授领衔的理论法学</span><span>(</span><span>法律文化〉、以罗思荣教授领衔的民商法学、以王建东教授领衔的经济法学、以俞静尧教授领衔的诉讼法学、以李安教授负责的刑法学等</span><span>5</span><span>个二级学科。</span></span></span><span><o:p></o:p></span></p></td></tr></tbody></table><p>&nbsp;</p>', 4, 2, '/static/upload/2020-01-05-10_14_47.jpg', 8, 0, 0, '2020-01-05', '2020-01-05', 1);
INSERT INTO `article_article` VALUES (21, '学科影响', '<p class=\"p0\" style=\"text-align: left;\"><span><span><span>民商法学</span><span>为浙江省重点学科，刑法学为校重点学科。</span><span>在现有基础上</span><span>，还凝练</span><span>了法律文化、</span><span>婚姻家庭法学、建设</span><span>工程法学、卫生法学、证据实验学、法律心理学等三级或交叉学科。其中法律文化是教育部批准自主招生的硕士点</span><span>，</span><span>法律心理学是教育部批准以交叉学科招生的硕士点</span><span>。</span><span>另外</span><span>，</span><span>学院依托卫生法学科成为浙江省医疗法制人才的培养基地</span><span>，</span><span>依托法律心理学科成为全国预防青少年犯罪研究基地。</span></span></span></p><p class=\"p0\" style=\"text-align: center;\"><span><span><span><img src=\"/static/upload/2020-01-05-14_17_57.jpg\" alt=\"2020-01-05-14_17_57.jpg\"><br></span></span></span></p><p class=\"p0\" style=\"text-align: left;\"><span><span><span>学</span><span>会的会长所在学科是该学科影响力的重要标志，己凝练的学科优势初现成效。范忠信教授是中国法史学会执行会长、浙江省法律史学研究会会长，罗忠荣教授是浙江省婚姻法学会会长，王建东教授是浙</span><span>江建设工程法学研究会会长，俞静尧教授是</span><span>浙江省诉讼法学会副会长。</span></span></span><span><o:p></o:p></span></p><p class=\"p0\" style=\"text-align: center;\"><span><span><span><img alt=\"\" src=\"file:///C:/Users/DELL/AppData/Local/Temp/ksohtml/wps_clip_image-12485.png\" width=\"552\" height=\"2\"></span><span>&nbsp;</span></span></span></p>', 4, 2, '/static/upload/2020-01-05-10_15_31.jpg', 3, 0, 0, '2020-01-05', '2020-01-05', 1);
INSERT INTO `article_article` VALUES (22, '物理系杨金虎等科研人员在拓扑量子材料研究领域取得重要进展', '<p><span>&nbsp; &nbsp; &nbsp; &nbsp; 具有非平凡拓扑结构的量子材料是当前国际凝聚态物理中的重要研究领域。其中典型的拓扑半金属材料由于其特殊的电子能带结构具有相对论性的无质量狄拉克费米子和受拓扑保护的表面态，从而引起许多新奇的量子效应，可应用于未来的高性能电子器件和量子计算。</span></p><p><span>&nbsp; &nbsp; &nbsp; &nbsp; 最近物理系量子物质调控杭州市重点实验室杨金虎、陈斌等研究人员在新颖拓扑材料研究中取得重要进展。他们采用过冷法成功生长出高质量的</span><span>alpha-Ga</span><span>（镓）块体单晶，第一次发现这种在室温下呈现液态的单质金属展现诸多奇特物理性质，包括低温下的超大磁阻和超高的载流子迁移率、强磁场下的量子震荡信号和非平庸的贝利位相（</span><span>Berry phase</span><span>）。基于第一性原理计算他们证实</span><span>&nbsp;alpha-Ga&nbsp;</span><span>具有</span><span>Z2&nbsp;</span><span>非平凡拓扑结构，表明该体系属于一类新的具有拓扑保护表面态的单质金属材料。另外，他们通过改进电阻和比热测量证实了</span><span>alpha-Ga&nbsp;</span><span>具有</span><span>1.1 K</span><span>的超导电性，从而为研究拓扑超导电性提供了一种全新的材料平台。近日，该成果以“</span><span>Large magnetoresistance and superconductivity in alpha-gallium single crystals</span><span>”</span>&nbsp;<span>为题发表在自然合作期刊</span><span>&nbsp;npj Quantum Materials 3, 40 (2018)</span><span>。《</span><span>npj Quantum Materials</span><span>》是自然出版集团与全球知名研究机构以开放获取形式出版的一系列在线出版物</span><span>&nbsp;“</span><span>自然合作期刊</span><span>”</span><span>（</span><span>Nature Partner Journal, NPJ</span><span>）之一。</span></p><p><span>&nbsp; &nbsp; &nbsp; &nbsp;该项工作主要由量子物质调控杭州市重点实验室研究人员杨金虎博士、陈斌博士、王杭栋副教授、曹超教授、戴建辉教授和他们的学生合作完成，外校合作人员有浙江大学方明虎教授、华中科技大学夏正才教授。该研究工作得到了浙江省自然科学基金和国家自然科学基金的大力支持。</span></p><p><span>&nbsp; &nbsp; &nbsp; &nbsp; 文章链接：</span><span>https://www.nature.com/articles/s41535-018-0114-3</span><span>。</span></p>', 3, 2, '/static/upload/2020-01-05-10_16_50.jpg', 2, 0, 0, '2020-01-05', '2020-01-05', 1);
INSERT INTO `article_article` VALUES (23, 'CCF@U747：曹健、张亮走进杭州师范大学', '<p>&nbsp; &nbsp; &nbsp; 2019年12月10日，CCF走进高校活动来到杭州师范大学。CCF高级会员、CCF协同计算专委会常务委员、上海交通大学曹健教授和CCF高级会员、CCF协同计算专委委员、复旦大学张亮教授分别为师生们带来题为“大数据驱动的智慧服务”和“跨界服务中的机制创新与价值创新”的精彩报告。活动由CCF专业会员李文娟老师主持，国际服务工程学院院长谢琪教授、科研副院长王奔教授、学院部分研究生导师、研究生及本科生约150人共同聆听了报告。</p><p>&nbsp; &nbsp; &nbsp; &nbsp;谢琪对两位专家表示热烈欢迎，对CCF走进活动表示由衷感谢。谢琪说，CCF是一个有社会责任感、具备社会影响力的组织，CCF走进高校活动对大学生职业生涯规划起到了积极的引导作用。</p><div align=\"center\"><a href=\"https://www.ccf.org.cn/upload/resources/image/2019/12/19/110209.jpg\" target=\"_blank\"><img src=\"https://www.ccf.org.cn/upload/resources/image/2019/12/19/110209_600x600.jpg\" title=\"谢琪讲话\" alt=\"谢琪讲话\" suffix=\"jpg\" width=\"500\" data-bd-imgshare-binded=\"1\"></a><p><br></p></div><p style=\"text-align: center;\">谢琪讲话</p><p>&nbsp; &nbsp; &nbsp; &nbsp;接着进入正式报告环节。曹健认为在互联网环境下“服务无处不在”，服务既是一种产业也是一种计算范型。而伴随着服务发生将催生大量数据，利用这些数据，进行深度挖掘，可以充分提高再次服务各环节的智能性。曹健通过案例介绍了如何利用数据分析来提升服务过程的智能性。张亮则指出跨界服务是一种数字经济时代新型的服务模式。相对于传统跨组织协作、企业应用集成和服务计算，跨界服务场景呈现了一种开放环境的即时性跨组织协作需求，迫切需要探索其跨界服务的机制创新，并期望带来相应的价值创新。张亮结合其课题组目前在研的课题，介绍了跨界服务研究领域的背景、技术挑战和研究进展。</p><div align=\"center\"><a href=\"https://www.ccf.org.cn/upload/resources/image/2019/12/19/110210.jpg\" target=\"_blank\"><img src=\"https://www.ccf.org.cn/upload/resources/image/2019/12/19/110210_600x600.jpg\" title=\"曹健作报告\" alt=\"曹健作报告\" suffix=\"jpg\" width=\"500\" data-bd-imgshare-binded=\"1\"></a><p><br></p></div><p style=\"text-align: center;\">曹健作报告</p><div align=\"center\"><a href=\"https://www.ccf.org.cn/upload/resources/image/2019/12/19/110211.jpg\" target=\"_blank\"><img src=\"https://www.ccf.org.cn/upload/resources/image/2019/12/19/110211_600x600.jpg\" title=\"张亮作报告\" alt=\"张亮作报告\" suffix=\"jpg\" width=\"500\" data-bd-imgshare-binded=\"1\"></a><p><br></p></div><p style=\"text-align: center;\">张亮作报告</p><p>&nbsp; &nbsp; &nbsp; 报告会全程，参与的师生均非常专注，表现出对讲者和报告内容的极大兴趣。会后，讲者与师生们进行了交流互动，对提出的问题进行逐一解答，两位教授风趣睿智的回答引得现场笑声掌声不断，气氛十分热烈。参与的师生纷纷表示：报告会开拓了他们的学术视野，指引了有科学意义和实际应用价值的研究方向，他们未来的学习和科研工作将受益匪浅。本次活动取得了圆满成功！</p><div align=\"center\"><a href=\"https://www.ccf.org.cn/upload/resources/image/2019/12/19/110212.jpg\" target=\"_blank\"><img src=\"https://www.ccf.org.cn/upload/resources/image/2019/12/19/110212_600x600.jpg\" title=\"互动交流\" alt=\"互动交流\" suffix=\"jpg\" width=\"500\" data-bd-imgshare-binded=\"1\"></a><p><br></p></div><section><section powered-by=\"xiumi.us\"><section><section powered-by=\"xiumi.us\"><p style=\"text-align: center;\">互动交流</p><div align=\"center\"><a href=\"https://www.ccf.org.cn/upload/resources/image/2019/12/19/110213.jpg\" target=\"_blank\"><img src=\"https://www.ccf.org.cn/upload/resources/image/2019/12/19/110213_600x600.jpg\" title=\"报告会现场\" alt=\"报告会现场\" suffix=\"jpg\" width=\"500\" data-bd-imgshare-binded=\"1\"></a><p><br></p></div><p style=\"text-align: center;\">报告会现场</p><p>&nbsp; &nbsp; &nbsp; &nbsp;听众感言</p></section></section></section></section><section data-role=\"outer\" label=\"Powered by 135editor.com\"><section data-tools=\"135编辑器\" data-id=\"94817\"><section data-width=\"100%\"><section><p>&nbsp; &nbsp; &nbsp; 罗瑞劼 杭州师范大学国际服务工程学院2019级计算机</p></section><section><section><section data-autoskip=\"1\"><p>曹健老师从“无所不在”的服务出发，提到了服务大数据的产生，利用大数据可以增强服务的智能性，比如进行服务运行优化、服务优选和服务组合优化。他通过大量案例，包括社交网络、自动驾驶、交通路况播报、机票个性化推荐等说明了服务智能化的方法，并对智慧服务的基础架构和设计开发运营方法进行了展望。张亮老师则首先从跨界服务的概念谈起，指出跨界服务打破了传统的跨组织、企业集成和服务计算，是开放环境的新需求。张老师以他们团队正在做的课题和阿里巴巴的合作课题为例，详细介绍了跨界服务质量优化和价值提升等最新研究成果。通过报告，我感觉自己的视野开阔了很多，原来服务领域竟然有这么多的研究工作可以做。</p></section></section></section></section></section><section data-role=\"paragraph\"><section data-role=\"outer\" label=\"Powered by 135editor.com\"><section data-tools=\"135编辑器\" data-id=\"94817\"><section data-width=\"100%\"><section><p>&nbsp; &nbsp; &nbsp; &nbsp;贺晨媛 杭州师范大学阿里巴巴商学院2017级国际商务</p></section><section><section><section data-autoskip=\"1\"><p>何其荣幸我聆听了上海交通大学曹健教授和复旦大学张亮教授带来的学术报告。两位老师的讲座使我对互联网方式下的新型服务有了全新认识。曹老师提出通过对服务数据进行深度分析来提高服务过程的智能化，通过在服务交互中引入中介商，来协调服务买卖关系，这一新颖的服务架构和解决思路使我受益匪浅。张老师提出的跨界服务理念颠覆了我以往对服务提供的认识，然而要想在竞争激烈的服务市场中生存，服务供应链中的企业要想获得好的服务收益，必须要不断改进服务联盟和服务响应方式。</p></section></section></section></section></section></section><section data-role=\"outer\" label=\"Powered by 135editor.com\"><section data-tools=\"135编辑器\" data-id=\"94817\"><section data-width=\"100%\"><section><p>&nbsp; &nbsp; &nbsp; &nbsp;杨燕 杭州师范大学阿里巴巴商学院2019级国际商务</p></section><section><section><section data-autoskip=\"1\"><p>一直以来我都觉得CCF是一个非常高大上的组织，没想到大一能在我们学校听到CCF走进高校系列讲座。上海交通大学曹健教授和复旦大学张亮教授的两场主题报告尽管学术性很强，但是深入浅出，即便没有很多领域相关知识，也能听得明白。曹老师以他们课题组跟携程的合作项目为例，讲解如何利用历史数据进行内容推荐，比如酒店机票等，让人耳目一新。曹老师不仅介绍了推荐的传统方法——协同过滤算法，也介绍了其课题组采用最新的技术手段。他指出在推荐系统中往往存在数据稀疏问题，并展望了可行的解决思路。张老师的报告让我印象最深刻的是他介绍的跨界服务、服务协同在物流系统（船运）的应用案例。很明显如果能够实现针对开放环境的即时性跨组织协作，则供应链中的实体都能带来价值的提升。张老师的研究内容我觉得具备很大的研究价值。</p><p>讲者简介</p></section></section></section></section></section></section></section></section><section powered-by=\"xiumi.us\"><div align=\"center\"><a href=\"https://www.ccf.org.cn/upload/resources/image/2019/12/19/110215.jpg\" target=\"_blank\"><img src=\"https://www.ccf.org.cn/upload/resources/image/2019/12/19/110215.jpg\" title=\"c\" alt=\"c\" suffix=\"jpg\" width=\"152\" height=\"177\" data-bd-imgshare-binded=\"1\"></a><p><br></p></div><p>&nbsp; &nbsp; &nbsp; &nbsp;曹健,<span>CCF高级会员，CCF协同计算专委会常委、CCF服务计算专委会委员、上海交通大学长聘教授。主要研究方向为：智能数据分析，网络与服务计算，协同信息系统。近五年来主持项目近30项，其中包括多项国家重点研发计划与国家863课题，国家自然科学基金课题，上海市科委重点项目，并和携程、上港集团、瑞金医院等单位进行合作研究。获得省部级科技进步奖励6项，入选教育部新世纪优秀人才资助计划，在国内外发表论文160多篇。</span><br></p><p><span><br></span></p></section><section powered-by=\"xiumi.us\"><div align=\"center\"><a href=\"https://www.ccf.org.cn/upload/resources/image/2019/12/19/110216.jpg\" target=\"_blank\"><img src=\"https://www.ccf.org.cn/upload/resources/image/2019/12/19/110216.jpg\" title=\"z\" alt=\"z\" suffix=\"jpg\" width=\"154\" height=\"178\" data-bd-imgshare-binded=\"1\"></a><p><br></p></div><p>&nbsp; &nbsp; &nbsp; &nbsp;张亮,<span>CCF高级会员、CCF服务计算专委会委员、CCF协同计算专委会委员、复旦大学教授，博士生导师。研究工作涉及多媒体数据管理、XML数据管理、数字图书馆、Web服务和业务流程管理BPM。近年来主要研究方向包括人-机-物协同服务计算、支持即时虚拟组织的流程协作、可持续性发展的多方共赢跨组织流程协作。现任ICSOC Steering Committee委员，中国业务过程管理大会指导委员会成员，曾任ICSOC 2013程序委员会联合主席、ICSOC 2012联合总主席、首届中国业务过程大会CBPM的程序委员会联合主席、中国数据库大会NDBC 2011的程序委员会联合主席。在服务计算和BPM研究中，与美国加州大学的苏建文团队、澳大利亚麦格里大学的杨坚团队、爱沙尼亚Tartu大学的Marlon Dumas团队合作，在CPS/IoT服务研究中，与芬兰Aalto大学的 Hong-Linh Truong团队合作。其研究工作受到中国自然科学基金、973、863、国家重点研发项目的资助。</span></p></section>', 1, 2, '/static/upload/2020-01-05-10_20_32.jpg', 2, 0, 0, '2020-01-05', '2020-01-05', 1);
INSERT INTO `article_article` VALUES (24, '【图集】杭师大十二时辰', '<p style=\"text-align: center;\"><a href=\"https://www.hznu.edu.cn/upload/resources/image/2019/09/13/7520998.jpg\" target=\"_blank\"><img src=\"https://www.hznu.edu.cn/upload/resources/image/2019/09/13/7520998_500x500.jpg\" title=\"WechatIMG55\" alt=\"WechatIMG55\" suffix=\"jpg\"></a></p><p style=\"text-align: center;\"><span></span><a href=\"https://www.hznu.edu.cn/upload/resources/image/2019/09/13/7520974.jpg\" target=\"_blank\"><img src=\"https://www.hznu.edu.cn/upload/resources/image/2019/09/13/7520974_500x500.jpg\" title=\"1\" alt=\"1\" suffix=\"jpg\"></a><a href=\"https://www.hznu.edu.cn/upload/resources/image/2019/09/13/7520973.jpg\" target=\"_blank\"><img src=\"https://www.hznu.edu.cn/upload/resources/image/2019/09/13/7520973_500x500.jpg\" title=\"2\" alt=\"2\" suffix=\"jpg\"></a></p><p style=\"text-align: center;\"><a href=\"https://www.hznu.edu.cn/upload/resources/image/2019/09/13/7520976.jpg\" target=\"_blank\"><img src=\"https://www.hznu.edu.cn/upload/resources/image/2019/09/13/7520976_500x500.jpg\" title=\"1\" alt=\"1\" suffix=\"jpg\"></a></p><p style=\"text-align: center;\"><a href=\"https://www.hznu.edu.cn/upload/resources/image/2019/09/13/7520975.jpg\" target=\"_blank\"><img src=\"https://www.hznu.edu.cn/upload/resources/image/2019/09/13/7520975_500x500.jpg\" title=\"2\" alt=\"2\" suffix=\"jpg\"></a></p><p style=\"text-align: center;\"><a href=\"https://www.hznu.edu.cn/upload/resources/image/2019/09/13/7520978.jpg\" target=\"_blank\"><img src=\"https://www.hznu.edu.cn/upload/resources/image/2019/09/13/7520978_500x500.jpg\" title=\"1\" alt=\"1\" suffix=\"jpg\"></a></p><p style=\"text-align: center;\"><a href=\"https://www.hznu.edu.cn/upload/resources/image/2019/09/13/7520977.jpg\" target=\"_blank\"><img src=\"https://www.hznu.edu.cn/upload/resources/image/2019/09/13/7520977_500x500.jpg\" title=\"2\" alt=\"2\" suffix=\"jpg\"></a></p><p style=\"text-align: center;\"><a href=\"https://www.hznu.edu.cn/upload/resources/image/2019/09/13/7520979.jpg\" target=\"_blank\"><img src=\"https://www.hznu.edu.cn/upload/resources/image/2019/09/13/7520979_500x500.jpg\" title=\"1\" alt=\"1\" suffix=\"jpg\"></a></p><p style=\"text-align: center;\"><a href=\"https://www.hznu.edu.cn/upload/resources/image/2019/09/13/7520980.jpg\" target=\"_blank\"><img src=\"https://www.hznu.edu.cn/upload/resources/image/2019/09/13/7520980_500x500.jpg\" title=\"2\" alt=\"2\" suffix=\"jpg\"></a><a href=\"https://www.hznu.edu.cn/upload/resources/image/2019/09/13/7520981.jpg\" target=\"_blank\"><img src=\"https://www.hznu.edu.cn/upload/resources/image/2019/09/13/7520981_500x500.jpg\" title=\"1\" alt=\"1\" suffix=\"jpg\"></a></p><p style=\"text-align: center;\"><a href=\"https://www.hznu.edu.cn/upload/resources/image/2019/09/13/7520982.jpg\" target=\"_blank\"><img src=\"https://www.hznu.edu.cn/upload/resources/image/2019/09/13/7520982_500x500.jpg\" title=\"2\" alt=\"2\" suffix=\"jpg\"></a></p><p style=\"text-align: center;\"><a href=\"https://www.hznu.edu.cn/upload/resources/image/2019/09/13/7520983.jpg\" target=\"_blank\"><img src=\"https://www.hznu.edu.cn/upload/resources/image/2019/09/13/7520983_500x500.jpg\" title=\"1\" alt=\"1\" suffix=\"jpg\"></a></p><p style=\"text-align: center;\"><a href=\"https://www.hznu.edu.cn/upload/resources/image/2019/09/13/7520984.jpg\" target=\"_blank\"><img src=\"https://www.hznu.edu.cn/upload/resources/image/2019/09/13/7520984_500x500.jpg\" title=\"2\" alt=\"2\" suffix=\"jpg\"></a></p><p style=\"text-align: center;\"><a href=\"https://www.hznu.edu.cn/upload/resources/image/2019/09/13/7520985.jpg\" target=\"_blank\"><img src=\"https://www.hznu.edu.cn/upload/resources/image/2019/09/13/7520985_500x500.jpg\" title=\"1\" alt=\"1\" suffix=\"jpg\"></a></p><p style=\"text-align: center;\"><a href=\"https://www.hznu.edu.cn/upload/resources/image/2019/09/13/7520986.jpg\" target=\"_blank\"><img src=\"https://www.hznu.edu.cn/upload/resources/image/2019/09/13/7520986_500x500.jpg\" title=\"2\" alt=\"2\" suffix=\"jpg\"></a></p><p style=\"text-align: center;\"><a href=\"https://www.hznu.edu.cn/upload/resources/image/2019/09/13/7520987.jpg\" target=\"_blank\"><img src=\"https://www.hznu.edu.cn/upload/resources/image/2019/09/13/7520987_500x500.jpg\" title=\"1\" alt=\"1\" suffix=\"jpg\"></a></p><p style=\"text-align: center;\"><a href=\"https://www.hznu.edu.cn/upload/resources/image/2019/09/13/7520988.jpg\" target=\"_blank\"><img src=\"https://www.hznu.edu.cn/upload/resources/image/2019/09/13/7520988_500x500.jpg\" title=\"2\" alt=\"2\" suffix=\"jpg\"></a></p><p style=\"text-align: center;\"><a href=\"https://www.hznu.edu.cn/upload/resources/image/2019/09/13/7520989.jpg\" target=\"_blank\"><img src=\"https://www.hznu.edu.cn/upload/resources/image/2019/09/13/7520989_500x500.jpg\" title=\"1\" alt=\"1\" suffix=\"jpg\"></a></p><p style=\"text-align: center;\"><a href=\"https://www.hznu.edu.cn/upload/resources/image/2019/09/13/7520990.jpg\" target=\"_blank\"><img src=\"https://www.hznu.edu.cn/upload/resources/image/2019/09/13/7520990_500x500.jpg\" title=\"2\" alt=\"2\" suffix=\"jpg\"></a></p><p style=\"text-align: center;\"><a href=\"https://www.hznu.edu.cn/upload/resources/image/2019/09/13/7520991.jpg\" target=\"_blank\"><img src=\"https://www.hznu.edu.cn/upload/resources/image/2019/09/13/7520991_500x500.jpg\" title=\"2\" alt=\"2\" suffix=\"jpg\"></a></p><p style=\"text-align: center;\"><a href=\"https://www.hznu.edu.cn/upload/resources/image/2019/09/13/7520992.jpg\" target=\"_blank\"><img src=\"https://www.hznu.edu.cn/upload/resources/image/2019/09/13/7520992_500x500.jpg\" title=\"寅时\" alt=\"寅时\" suffix=\"jpg\"></a></p><p style=\"text-align: center;\"><a href=\"https://www.hznu.edu.cn/upload/resources/image/2019/09/13/7520993.jpg\" target=\"_blank\"><img src=\"https://www.hznu.edu.cn/upload/resources/image/2019/09/13/7520993_500x500.jpg\" title=\"1\" alt=\"1\" suffix=\"jpg\"></a></p><p style=\"text-align: center;\"><a href=\"https://www.hznu.edu.cn/upload/resources/image/2019/09/13/7520994.jpg\" target=\"_blank\"><img src=\"https://www.hznu.edu.cn/upload/resources/image/2019/09/13/7520994_500x500.jpg\" title=\"2\" alt=\"2\" suffix=\"jpg\"></a></p><p style=\"text-align: center;\"><a href=\"https://www.hznu.edu.cn/upload/resources/image/2019/09/13/7520995.jpg\" target=\"_blank\"><img src=\"https://www.hznu.edu.cn/upload/resources/image/2019/09/13/7520995_500x500.jpg\" title=\"1\" alt=\"1\" suffix=\"jpg\"></a></p><p style=\"text-align: center;\"><a href=\"https://www.hznu.edu.cn/upload/resources/image/2019/09/13/7520996.jpg\" target=\"_blank\"><img src=\"https://www.hznu.edu.cn/upload/resources/image/2019/09/13/7520996_500x500.jpg\" title=\"2\" alt=\"2\" suffix=\"jpg\"></a></p>', 2, 4, '/static/upload/2020-01-05-10_23_50.jpg', 1, 0, 0, '2020-01-05', '2020-01-05', 0);
INSERT INTO `article_article` VALUES (25, '后勤摄影作品获多项全国“最美物业人”摄影比赛奖项', '<p style=\"text-align: center;\"><a href=\"https://www.hznu.edu.cn/upload/resources/image/2015/01/30/51376.jpg\" target=\"_blank\"><img title=\"辛勤工作-专心（优秀奖）\" alt=\"辛勤工作-专心（优秀奖）\" src=\"https://www.hznu.edu.cn/upload/resources/image/2015/01/30/51376_500x500.jpg\" suffix=\"jpg\"></a></p><p style=\"text-align: center;\">获奖作品:辛勤工作-专心</p><p style=\"text-align: center;\"><strong><span>&nbsp;&nbsp;</span></strong></p><p><strong><span>&nbsp;&nbsp;&nbsp;&nbsp;</span></strong><span>近日，从中国教育后勤协会物业管理专业委员会（2014）年会上传来喜讯，由我校后勤服务集团选送的摄影作品《专心》《辛勤工作—专注》《辛勤工作—专心》在“物业在您身边，建设美丽校园——‘最美物业人’摄影比赛”中分获一等奖、三等奖和优胜奖。</span></p><p><span>&nbsp;&nbsp;&nbsp; 据了解，</span><span>本次参赛的国内高校共选送作品200余件，经由中国摄影家协会、山东省摄影家协会的专家和全国物专会领导组成的评委团层层评审，总计60件作品入选。</span></p>', 2, 4, '/static/upload/2020-01-05-10_25_30.jpg', 5, 0, 0, '2020-01-05', '2020-01-06', 1);
INSERT INTO `article_article` VALUES (26, '【图集】杭师大十二时辰', '<p style=\"text-align: center;\"><a href=\"https://www.hznu.edu.cn/upload/resources/image/2019/09/13/7520998.jpg\" target=\"_blank\"><img src=\"https://www.hznu.edu.cn/upload/resources/image/2019/09/13/7520998_500x500.jpg\" title=\"WechatIMG55\" alt=\"WechatIMG55\" suffix=\"jpg\"></a></p><p style=\"text-align: center;\"><span></span><a href=\"https://www.hznu.edu.cn/upload/resources/image/2019/09/13/7520974.jpg\" target=\"_blank\"><img src=\"https://www.hznu.edu.cn/upload/resources/image/2019/09/13/7520974_500x500.jpg\" title=\"1\" alt=\"1\" suffix=\"jpg\"></a><a href=\"https://www.hznu.edu.cn/upload/resources/image/2019/09/13/7520973.jpg\" target=\"_blank\"><img src=\"https://www.hznu.edu.cn/upload/resources/image/2019/09/13/7520973_500x500.jpg\" title=\"2\" alt=\"2\" suffix=\"jpg\"></a></p><p style=\"text-align: center;\"><a href=\"https://www.hznu.edu.cn/upload/resources/image/2019/09/13/7520976.jpg\" target=\"_blank\"><img src=\"https://www.hznu.edu.cn/upload/resources/image/2019/09/13/7520976_500x500.jpg\" title=\"1\" alt=\"1\" suffix=\"jpg\"></a></p><p style=\"text-align: center;\"><a href=\"https://www.hznu.edu.cn/upload/resources/image/2019/09/13/7520975.jpg\" target=\"_blank\"><img src=\"https://www.hznu.edu.cn/upload/resources/image/2019/09/13/7520975_500x500.jpg\" title=\"2\" alt=\"2\" suffix=\"jpg\"></a></p><p style=\"text-align: center;\"><a href=\"https://www.hznu.edu.cn/upload/resources/image/2019/09/13/7520978.jpg\" target=\"_blank\"><img src=\"https://www.hznu.edu.cn/upload/resources/image/2019/09/13/7520978_500x500.jpg\" title=\"1\" alt=\"1\" suffix=\"jpg\"></a></p><p style=\"text-align: center;\"><a href=\"https://www.hznu.edu.cn/upload/resources/image/2019/09/13/7520977.jpg\" target=\"_blank\"><img src=\"https://www.hznu.edu.cn/upload/resources/image/2019/09/13/7520977_500x500.jpg\" title=\"2\" alt=\"2\" suffix=\"jpg\"></a></p><p style=\"text-align: center;\"><a href=\"https://www.hznu.edu.cn/upload/resources/image/2019/09/13/7520979.jpg\" target=\"_blank\"><img src=\"https://www.hznu.edu.cn/upload/resources/image/2019/09/13/7520979_500x500.jpg\" title=\"1\" alt=\"1\" suffix=\"jpg\"></a></p><p style=\"text-align: center;\"><a href=\"https://www.hznu.edu.cn/upload/resources/image/2019/09/13/7520980.jpg\" target=\"_blank\"><img src=\"https://www.hznu.edu.cn/upload/resources/image/2019/09/13/7520980_500x500.jpg\" title=\"2\" alt=\"2\" suffix=\"jpg\"></a><a href=\"https://www.hznu.edu.cn/upload/resources/image/2019/09/13/7520981.jpg\" target=\"_blank\"><img src=\"https://www.hznu.edu.cn/upload/resources/image/2019/09/13/7520981_500x500.jpg\" title=\"1\" alt=\"1\" suffix=\"jpg\"></a></p><p style=\"text-align: center;\"><a href=\"https://www.hznu.edu.cn/upload/resources/image/2019/09/13/7520982.jpg\" target=\"_blank\"><img src=\"https://www.hznu.edu.cn/upload/resources/image/2019/09/13/7520982_500x500.jpg\" title=\"2\" alt=\"2\" suffix=\"jpg\"></a></p><p style=\"text-align: center;\"><a href=\"https://www.hznu.edu.cn/upload/resources/image/2019/09/13/7520983.jpg\" target=\"_blank\"><img src=\"https://www.hznu.edu.cn/upload/resources/image/2019/09/13/7520983_500x500.jpg\" title=\"1\" alt=\"1\" suffix=\"jpg\"></a></p><p style=\"text-align: center;\"><a href=\"https://www.hznu.edu.cn/upload/resources/image/2019/09/13/7520984.jpg\" target=\"_blank\"><img src=\"https://www.hznu.edu.cn/upload/resources/image/2019/09/13/7520984_500x500.jpg\" title=\"2\" alt=\"2\" suffix=\"jpg\"></a></p><p style=\"text-align: center;\"><a href=\"https://www.hznu.edu.cn/upload/resources/image/2019/09/13/7520985.jpg\" target=\"_blank\"><img src=\"https://www.hznu.edu.cn/upload/resources/image/2019/09/13/7520985_500x500.jpg\" title=\"1\" alt=\"1\" suffix=\"jpg\"></a></p><p style=\"text-align: center;\"><a href=\"https://www.hznu.edu.cn/upload/resources/image/2019/09/13/7520986.jpg\" target=\"_blank\"><img src=\"https://www.hznu.edu.cn/upload/resources/image/2019/09/13/7520986_500x500.jpg\" title=\"2\" alt=\"2\" suffix=\"jpg\"></a></p><p style=\"text-align: center;\"><a href=\"https://www.hznu.edu.cn/upload/resources/image/2019/09/13/7520987.jpg\" target=\"_blank\"><img src=\"https://www.hznu.edu.cn/upload/resources/image/2019/09/13/7520987_500x500.jpg\" title=\"1\" alt=\"1\" suffix=\"jpg\"></a></p><p style=\"text-align: center;\"><a href=\"https://www.hznu.edu.cn/upload/resources/image/2019/09/13/7520988.jpg\" target=\"_blank\"><img src=\"https://www.hznu.edu.cn/upload/resources/image/2019/09/13/7520988_500x500.jpg\" title=\"2\" alt=\"2\" suffix=\"jpg\"></a></p><p style=\"text-align: center;\"><a href=\"https://www.hznu.edu.cn/upload/resources/image/2019/09/13/7520989.jpg\" target=\"_blank\"><img src=\"https://www.hznu.edu.cn/upload/resources/image/2019/09/13/7520989_500x500.jpg\" title=\"1\" alt=\"1\" suffix=\"jpg\"></a></p><p style=\"text-align: center;\"><a href=\"https://www.hznu.edu.cn/upload/resources/image/2019/09/13/7520990.jpg\" target=\"_blank\"><img src=\"https://www.hznu.edu.cn/upload/resources/image/2019/09/13/7520990_500x500.jpg\" title=\"2\" alt=\"2\" suffix=\"jpg\"></a></p><p style=\"text-align: center;\"><a href=\"https://www.hznu.edu.cn/upload/resources/image/2019/09/13/7520991.jpg\" target=\"_blank\"><img src=\"https://www.hznu.edu.cn/upload/resources/image/2019/09/13/7520991_500x500.jpg\" title=\"2\" alt=\"2\" suffix=\"jpg\"></a></p><p style=\"text-align: center;\"><a href=\"https://www.hznu.edu.cn/upload/resources/image/2019/09/13/7520992.jpg\" target=\"_blank\"><img src=\"https://www.hznu.edu.cn/upload/resources/image/2019/09/13/7520992_500x500.jpg\" title=\"寅时\" alt=\"寅时\" suffix=\"jpg\"></a></p><p style=\"text-align: center;\"><a href=\"https://www.hznu.edu.cn/upload/resources/image/2019/09/13/7520993.jpg\" target=\"_blank\"><img src=\"https://www.hznu.edu.cn/upload/resources/image/2019/09/13/7520993_500x500.jpg\" title=\"1\" alt=\"1\" suffix=\"jpg\"></a></p><p style=\"text-align: center;\"><a href=\"https://www.hznu.edu.cn/upload/resources/image/2019/09/13/7520994.jpg\" target=\"_blank\"><img src=\"https://www.hznu.edu.cn/upload/resources/image/2019/09/13/7520994_500x500.jpg\" title=\"2\" alt=\"2\" suffix=\"jpg\"></a></p><p style=\"text-align: center;\"><a href=\"https://www.hznu.edu.cn/upload/resources/image/2019/09/13/7520995.jpg\" target=\"_blank\"><img src=\"https://www.hznu.edu.cn/upload/resources/image/2019/09/13/7520995_500x500.jpg\" title=\"1\" alt=\"1\" suffix=\"jpg\"></a></p><p style=\"text-align: center;\"><a href=\"https://www.hznu.edu.cn/upload/resources/image/2019/09/13/7520996.jpg\" target=\"_blank\"><img src=\"https://www.hznu.edu.cn/upload/resources/image/2019/09/13/7520996_500x500.jpg\" title=\"2\" alt=\"2\" suffix=\"jpg\"></a></p>', 2, 4, '/static/upload/2020-01-05-10_26_39.jpg', 10, 0, 0, '2020-01-05', '2020-01-06', 1);
INSERT INTO `article_article` VALUES (27, '师大的春天', '<img src=\"/static/upload/2020-01-05-10_31_16.jpg\" alt=\"2020-01-05-10_31_16.jpg\"><img src=\"/static/upload/2020-01-05-10_33_02.jpeg\" alt=\"2020-01-05-10_33_02.jpeg\">', 2, 4, '/static/upload/2020-01-05-10_33_32.jpg', 5, 0, 0, '2020-01-05', '2020-01-05', 1);
INSERT INTO `article_article` VALUES (28, '【图集】月色下的杭师大', '<img src=\"/static/upload/2020-01-05-10_36_16.jpg\" alt=\"2020-01-05-10_36_16.jpg\">', 2, 4, '/static/upload/2020-01-05-10_36_18.jpg', 5, 0, 0, '2020-01-05', '2020-01-06', 1);
INSERT INTO `article_article` VALUES (29, '杭师血脉，青春澎湃', '<p><span>秋阳朗照，山川天成。在一片氤氲开的金色</span></p><p><span><br></span></p><p><span></span></p><p style=\"text-align: center;\"><a href=\"http://jyxy.hznu.edu.cn/upload/resources/image/2019/11/21/7536511.jpg\" target=\"_blank\"><img src=\"http://jyxy.hznu.edu.cn/upload/resources/image/2019/11/21/7536511_500x335.jpg\" title=\"大运\" alt=\"大运\" suffix=\"jpg\"></a></p><p style=\"text-align: center;\"><br></p><p><span>朱佳婷</span></p><p><span>“我想走出舒适区，看看极限在哪里。”</span></p><p><span>小教185的朱佳婷同学是《我心飞翔》中翻飞的海燕宝宝。面对镜头时，朱学姐精神饱满，侃侃而谈：“很不容易的，我们经常要把手悬在空中好几分钟，肩膀、手臂、手腕这些地方，如果排练后不好好放松的话，第二天会疼得厉害。”当记者问及，她会坚持这个节目是否因体育较好时，她出乎意料地否定了记者的猜测，“我不是很喜欢运动，但我想试试新的东西，哪怕是我并不擅长的，因为我想走出舒适区，看看极限在哪里”。她爽朗的笑容极具震撼力，这种感觉在她认真奔跑时被放到最大，微张双臂，以百米冲刺的速度绕场盘旋，那种恣意前行的姿态，正是每一个杭师人澎湃的青春。</span></p><p><span>每一阵青春澎湃的心浪，都该是面对未知的势不可挡。</span></p><p><span>里，连温婉</span></p><p><span>程明</span></p><p><span>“为了同一个目标，不相识的我们一起努力。”</span></p><p><span>小教196的程明同学是《欢聚师大》的表演者。当镜头对准她时，向光的少女露出灿烂的笑容，“这一套动作很棒，不能因为我不努力，让观众看不出它的美。”正是这一份执着，让记者看到在灼灼骄阳下认真舒展四肢的动人身影，冲拳收拳、冲拳收拳，她随着导演的指令一点点将动作细化打磨，渐臻极境。谈及对《欢聚师大》这个千人节目的感受时，一贯微笑的程同学露出极为郑重的神色：“那么多同学，我们互不认识，但是为了这个节目，所有人都在努力，我很喜欢这种感觉。”秋风飒飒，汗水滴答，平凡的少女说出不凡的言论，相异的学子拥有相同的决心，“这种统一的感觉，很棒！”</span></p><p><span>每一点青春奔腾的激情，都该是团结一致的奋勇向前。</span></p><p><span>的杭州也带着淡淡的肃杀之意，但杭师的绿茵场上却因跃动的学生们显出一片暖意。青春的荷尔蒙在躁动，让我们随着镜头，一探究竟吧。</span></p><p><span>贝柏基</span></p><p><span><br></span></p><p><span></span></p><p style=\"text-align: center;\"><a href=\"http://jyxy.hznu.edu.cn/upload/resources/image/2019/11/21/7536512.jpg\" target=\"_blank\"><img src=\"http://jyxy.hznu.edu.cn/upload/resources/image/2019/11/21/7536512_500x335.jpg\" title=\"大运会\" alt=\"大运会\" suffix=\"jpg\"></a></p><p><br></p><p><span>“我不想放弃，我要把它做好。”</span></p><p><span>特教191的贝柏基同学是《奋楫者先》的骑行者。当记者找到他时，他正骑着校园的小蓝车风驰电掣，修长的身影几乎要和车架融为一体。“说实话挺难的，要控制自行车的速度，要和前面的人连成一条线，还要防止撞到别人，车要骑得很快，因为要上一个比较陡得斜坡。不过和这些比起来，最难的还是要整齐划一。”谈及骑车的难易程度时，贝同学露出标志性的爽朗笑容，“需要多练，我现在才知道骑自行车不是一件简单的事情。”在镜头前略显拘束的贝同学不断摩挲着车把，却在记者请求他展示一下车技时跃跃欲试。当记者提问是什么使他坚持下来时，骑行少年自信一笑，白牙在秋日下闪动着耀眼的光，“我不想放弃，我投入了很多心血，我要把它做好。”</span></p><p><span>每一股青春涌动的热血，都该是迎难而上的坚持不懈。</span></p><p><span>杭师学脉，青春澎湃。回顾今日的采访，每一位被采访者总会含笑回答彩排的不易。是的，排练很累，但我们众志成城的拼搏将助力大运会圆满举办：是的，训练艰辛，但我们齐心协力的奋斗将在杭师校史上闪光！</span></p><div><span><br></span></div>', 2, 2, '/static/upload/2020-01-05-10_49_47.jpg', 7, 0, 0, '2020-01-05', '2020-01-05', 0);
INSERT INTO `article_article` VALUES (30, '杭师血脉，青春澎湃', '<p><span>秋阳朗照，山川天成。在一片氤氲开的金色</span></p><p style=\"text-align: center;\"><a href=\"http://jyxy.hznu.edu.cn/upload/resources/image/2019/11/21/7536511.jpg\" target=\"_blank\"><img src=\"http://jyxy.hznu.edu.cn/upload/resources/image/2019/11/21/7536511_500x335.jpg\" title=\"大运\" alt=\"大运\" suffix=\"jpg\"></a></p><p><span>朱佳婷</span></p><p><span>“我想走出舒适区，看看极限在哪里。”</span></p><p><span>小教185的朱佳婷同学是《我心飞翔》中翻飞的海燕宝宝。面对镜头时，朱学姐精神饱满，侃侃而谈：“很不容易的，我们经常要把手悬在空中好几分钟，肩膀、手臂、手腕这些地方，如果排练后不好好放松的话，第二天会疼得厉害。”当记者问及，她会坚持这个节目是否因体育较好时，她出乎意料地否定了记者的猜测，“我不是很喜欢运动，但我想试试新的东西，哪怕是我并不擅长的，因为我想走出舒适区，看看极限在哪里”。她爽朗的笑容极具震撼力，这种感觉在她认真奔跑时被放到最大，微张双臂，以百米冲刺的速度绕场盘旋，那种恣意前行的姿态，正是每一个杭师人澎湃的青春。</span></p><p><span>每一阵青春澎湃的心浪，都该是面对未知的势不可挡。</span></p><p><span>里，连温婉</span></p><p><span>程明</span></p><p><span>“为了同一个目标，不相识的我们一起努力。”</span></p><p><span>小教196的程明同学是《欢聚师大》的表演者。当镜头对准她时，向光的少女露出灿烂的笑容，“这一套动作很棒，不能因为我不努力，让观众看不出它的美。”正是这一份执着，让记者看到在灼灼骄阳下认真舒展四肢的动人身影，冲拳收拳、冲拳收拳，她随着导演的指令一点点将动作细化打磨，渐臻极境。谈及对《欢聚师大》这个千人节目的感受时，一贯微笑的程同学露出极为郑重的神色：“那么多同学，我们互不认识，但是为了这个节目，所有人都在努力，我很喜欢这种感觉。”秋风飒飒，汗水滴答，平凡的少女说出不凡的言论，相异的学子拥有相同的决心，“这种统一的感觉，很棒！”</span></p><p><span>每一点青春奔腾的激情，都该是团结一致的奋勇向前。</span></p><p><span>的杭州也带着淡淡的肃杀之意，但杭师的绿茵场上却因跃动的学生们显出一片暖意。青春的荷尔蒙在躁动，让我们随着镜头，一探究竟吧。</span></p><p><span>贝柏基</span></p><p><span></span></p><p style=\"text-align: center;\"><a href=\"http://jyxy.hznu.edu.cn/upload/resources/image/2019/11/21/7536512.jpg\" target=\"_blank\"><img src=\"http://jyxy.hznu.edu.cn/upload/resources/image/2019/11/21/7536512_500x335.jpg\" title=\"大运会\" alt=\"大运会\" suffix=\"jpg\"></a></p><p><span>“我不想放弃，我要把它做好。”</span></p><p><span>特教191的贝柏基同学是《奋楫者先》的骑行者。当记者找到他时，他正骑着校园的小蓝车风驰电掣，修长的身影几乎要和车架融为一体。“说实话挺难的，要控制自行车的速度，要和前面的人连成一条线，还要防止撞到别人，车要骑得很快，因为要上一个比较陡得斜坡。不过和这些比起来，最难的还是要整齐划一。”谈及骑车的难易程度时，贝同学露出标志性的爽朗笑容，“需要多练，我现在才知道骑自行车不是一件简单的事情。”在镜头前略显拘束的贝同学不断摩挲着车把，却在记者请求他展示一下车技时跃跃欲试。当记者提问是什么使他坚持下来时，骑行少年自信一笑，白牙在秋日下闪动着耀眼的光，“我不想放弃，我投入了很多心血，我要把它做好。”</span></p><p><span>每一股青春涌动的热血，都该是迎难而上的坚持不懈。</span></p><p><span>杭师学脉，青春澎湃。回顾今日的采访，每一位被采访者总会含笑回答彩排的不易。是的，排练很累，但我们众志成城的拼搏将助力大运会圆满举办：是的，训练艰辛，但我们齐心协力的奋斗将在杭师校史上闪光！</span></p>', 2, 2, '/static/upload/2020-01-05-11_03_01.jpg', 3, 0, 0, '2020-01-05', '2020-01-05', 1);
INSERT INTO `article_article` VALUES (31, '徐辉教授做客第三十二期太炎教育讲堂', '<p><span>11月13日下午，第三十二期太炎教育讲堂在诚园4-102顺利举行。全国人大常委会委员、全国人大宪法和法律委员会副主任，民盟中央专职副主席、博士生导师徐辉教授做客教育学院太炎教育讲堂，作题为“为什么全民基础科学教育如此重要？”的讲座。教育学院师生200余人参与，本次讲堂由教育学院执行院长温正胞教授主持。</span></p><p><span>徐教授认为，信息爆炸的时代，信息过剩使信息成为了思想的竞争对手，导致大思想踪迹难寻。他认为科学研究要有创新和激情，科学研究的初心是了解自然，对自然的好奇引发认识自然，进而追求科学的真理。要以“人类对大自然的了解，对人类生存和人类文明的探究”为出发点去做研究。</span></p><p style=\"text-align: center;\"><a href=\"http://jyxy.hznu.edu.cn/upload/resources/image/2019/11/20/7536144.jpg\" target=\"_blank\"><img src=\"http://jyxy.hznu.edu.cn/upload/resources/image/2019/11/20/7536144_500x335.jpg\" title=\"640\" alt=\"640\" suffix=\"jpg\"></a></p><p><span>结合我国现状，徐教授认为要把《中国教育现代化2035》中提到的创新能力和创新精神，作为育人的核心能力。他介绍了今年在北京召开的世界公众科学素质促进大会上的核心精神和重要内容，引出他对我国公民科学素养的现状的一些思考，并以习近平总书记在全国教育大会上所作的重要讲话作结。</span></p><p><span>讲座之后的交流环节也同样精彩。在座的老师、同学纷纷踊跃提问，涉及的问题包括教育立法、科学精神、幼小衔接等方面，徐教授鞭辟入里的回答解开了师生心中的困惑。此次太炎教育讲堂在全场的掌声中圆满结束。</span></p><p><span></span></p><p style=\"text-align: center;\"><a href=\"http://jyxy.hznu.edu.cn/upload/resources/image/2019/11/20/7536145.jpg\" target=\"_blank\"><img src=\"http://jyxy.hznu.edu.cn/upload/resources/image/2019/11/20/7536145_500x335.jpg\" title=\"641\" alt=\"641\" suffix=\"jpg\"></a></p><p><span>专家简介</span></p><p><span>徐辉，教授、博士生导师。全国人大常委会委员、全国人大宪法和法律委员会副主任，民盟中央专职副主席,中国教育发展战略学会副会长兼学术委员会主任。主要研究领域为比较教育学、高等教育学和教育政策比较研究。主编、参与主编丛书多套，发表学术论文100余篇。</span></p>', 2, 2, '/static/upload/2020-01-05-12_15_28.jpg', 4, 0, 0, '2020-01-05', '2020-01-05', 1);
INSERT INTO `article_article` VALUES (32, '懂得生命，学会生存，让生命闪光——记周春儿书记主讲始业教育“生命教育”篇', '<p style=\"text-align: center;\"><a href=\"http://hise.hznu.edu.cn/upload/resources/image/2019/12/29/7549885.jpg\" target=\"_blank\"><img src=\"http://hise.hznu.edu.cn/upload/resources/image/2019/12/29/7549885_500x500.jpg\" title=\"12\" alt=\"12\" suffix=\"jpg\"></a></p><p style=\"text-align: center;\"></p><p><span>在《国家中长期教育改革和发展纲要（</span>2010-2020<span>）》中，“生命教育”已经成为国家教育发展的战略决策。针对生命教育理念缺失的现实困境，</span>12<span>月</span>25<span>日下午，学院党委书记周春儿在学术交流中心</span>A-118<span>召开主题为</span>“<span>懂得生命，学会生存，让生命闪光</span>”<span>的始业教育讲座，以期让同学们更好地了解生命、珍爱生命和懂得生命的价值。</span></p><p>周春儿书记通过丰富的理论和详实的案例，为同学们阐述生命的真谛，并提出自己的四点希望。首先是正确认识生命。周书记从生命诞生的科学事例谈起，阐述了生命诞生的艰辛与来之不易；其次是懂得生命和关注生命。她从人的多样性谈起，希望大家能用更包容的心态来对待自己和他人；第三是敬畏生命，珍爱生命。结合实例，周书记引导大家要树立不向命运低头的信念；第四是热爱生命，学会生存，让生命闪光。希望同学们要有感性的思考力、有升压应变能力与创造力、有让自己幸福的能力，并通过交往、读书、艺术、助人的方法来获得幸福感。讲座最后，周书记引用一些名家关于“生命”的名言及生命教育的“核心理念”，告诉大家对待生命的态度。</p><p>本次讲座内容丰富，同学们在此之中感悟生命的意义，通过对自己生命的思考与反思，清晰的认识到生命的可贵，加强了大家的生命安全意识，同时引导着大家以积极向上，健康乐观的人生态度面对生活，以更加平和、积极的心态去探寻生命的价值。</p><p><span>据悉，这是学院</span>2019<span>级新生始业教育第十讲，也是本学期新生始业教育的收官之作。下学期，为促进新生更好地适应大学生活，学院还将继续推出涵盖学业、科研及心理等方面的始业教育讲座。</span>&nbsp;(<span>文</span>/<span>金圣塔</span><span>杨鹏飞</span>&nbsp;<span>马辛晓</span>&nbsp;<span>图</span>/<span>云起</span>)</p>', 1, 2, '/static/upload/2020-01-05-14_21_08.jpg', 1, 0, 0, '2020-01-05', '2020-01-05', 1);
INSERT INTO `article_article` VALUES (33, '学校第十届大学生服务外包创新应用大赛顺利举行', '<p style=\"text-align: center;\"><a href=\"http://hise.hznu.edu.cn/upload/resources/image/2019/12/27/7549816.jpg\" target=\"_blank\"><img src=\"http://hise.hznu.edu.cn/upload/resources/image/2019/12/27/7549816_500x500.jpg\" title=\"2.1 A类今天也要努力队\" alt=\"2.1 A类今天也要努力队\" suffix=\"jpg\"></a></p><p style=\"text-align: center;\"><strong>队员正在答辩中</strong></p><p>12<span>月</span>25<span>日晚上，杭州师范大学第十届大学生服务外包创新应用大赛在勤园</span>7-104<span>举行。本届校赛有来自学校共</span>32<span>支队伍报名参加，其中</span>A<span>类项目的队伍</span>25<span>支，</span>B<span>类项目的队伍</span>7<span>支。</span>6<span>支</span>A<span>类队伍和</span>4<span>支</span>B<span>类队伍通过初审进入决赛。最终，“瓦坎达</span>forever<span>队”和“达摩克里斯之剑队”获得</span>A<span>类项目一等奖，“智慧树小队”获得了</span>B<span>类项目一等奖。</span></p><p>&nbsp; &nbsp; &nbsp; &nbsp;<span>本次校赛以第十一届服务外包国赛为题，各小组按抽签顺序采用</span>ppt<span>介绍再加视频演示的方式展示项目。比赛中，各个小组都严格按照国赛要求，从产品功能、特色、技术、问题与解决、商业需求、风险预估等方面进行了详细的答辩，评委老师从产品的特色、技术、创意点逐一进行点评，并结合赛题给出了细致的建议。老师们独特的角度和建议让队员们看到了自身的不足和差距。通过此次答辩，参赛选手们受益颇多，希望这些队伍带着作品能在明年的国赛中创造佳绩。</span></p><p><span>据悉，第十一届国家服务外包创新创业应用大赛将于</span>2020<span>年</span>7<span>月在无锡举行。(图/文 云起）</span></p>', 1, 2, '/static/upload/2020-01-05-14_22_36.jpg', 0, 0, 0, '2020-01-05', '2020-01-05', 1);
INSERT INTO `article_article` VALUES (34, '陈春雷书记一行调研学军小学紫金港校区实习工作', '<p>2019<span>年</span>10<span>月</span>30<span>日上午，杭州师范大学党委书记陈春雷、教育学院温正胞院长等一行来到杭州市学军小学紫金港校区看望在此实习的杭师大师范专业实习生。</span></p><p><span>上午第二节课，陈春雷书记一行以及学军小学紫金港校区学校领导一起来到听课教室，聆听了一堂由小教</span>162<span>班赵英姿同学执教的《搭船的鸟》，陈春雷书记对这堂课给予高度评价，并肯定了小教专业对学生教学素质与技能的培养。</span></p><p><span>座谈会由学军小学紫金港校区李勤校长主持，李校长向杭师大领导及老师们介绍了学军小学目前的学校概况与实习进展情况。在座实习老师们敞开心扉谈实习体会与收获，对杭师大以及实习学校给予这次学习机会表示感谢，并在如何以学生为主，如何提高自身专业素养，如何将理论与实践更好的融合等方面表达了自己的想法。</span></p><p><span>陈春雷书记提出，教师应当用心教学，满怀激情。对于新手教师如何进行自我素养提高的问题，陈书记说道关键在于一个“悟”字，如何落实到实习生活中，那便是在实习过程中寻找教师榜样，在自己的身上寻找不足之处，多听多看，寻找差距，努力追赶。陈书记建议实习生们应当善于总结，要有思想深度，格局有多大，世界就有多大。接着，各学院实习生带队老师介绍了实习进展情况，杭师大部门学院领导介绍了各学院的发展状况。最后，许宏书记对杭师大实习生的认真努力给予肯定，在促进两校进一步的合作上与陈春雷书记达成一致的想法。</span></p><p style=\"text-align: center;\"><a href=\"http://jyxy.hznu.edu.cn/upload/resources/image/2019/10/31/7531148.jpg\" target=\"_blank\"><img src=\"http://jyxy.hznu.edu.cn/upload/resources/image/2019/10/31/7531148_500x500.jpg\" title=\"IMG_5727\" alt=\"IMG_5727\" suffix=\"jpg\"></a></p><p style=\"text-align: center;\"><br></p><p style=\"text-align: center;\"><a href=\"http://jyxy.hznu.edu.cn/upload/resources/image/2019/10/31/7531150.jpg\" target=\"_blank\"><img src=\"http://jyxy.hznu.edu.cn/upload/resources/image/2019/10/31/7531150_500x500.jpg\" title=\"微信图片_20191030131622\" alt=\"微信图片_20191030131622\" suffix=\"jpg\"></a></p><p style=\"text-align: center;\"><br></p><p style=\"text-align: center;\"><a href=\"http://jyxy.hznu.edu.cn/upload/resources/image/2019/10/31/7531151.jpg\" target=\"_blank\"><img src=\"http://jyxy.hznu.edu.cn/upload/resources/image/2019/10/31/7531151_500x500.jpg\" title=\"微信图片_20191030131611\" alt=\"微信图片_20191030131611\" suffix=\"jpg\"></a></p>', 2, 2, '/static/upload/2020-01-05-14_25_42.jpg', 1, 0, 0, '2020-01-05', '2020-01-05', 1);
INSERT INTO `article_article` VALUES (35, '第二届全国古典教育论坛暨华夏古典教育研究颁奖典礼在杭州师范大学顺利···', '<p><span>为促进古典教育领域的发展与繁荣，推动古典学与教育学领域之间的交流与合作，以古典资源滋养教育学领域的教学与研究，12月14日，第二届古典教育论坛暨华夏古典教育研究奖颁奖典礼在杭州师范大学学术交流中心开幕。</span></p><p><span></span></p><p style=\"text-align: center;\"><a href=\"http://jyxy.hznu.edu.cn/upload/resources/image/2019/12/16/7546397.jpg\" target=\"_blank\"><img src=\"http://jyxy.hznu.edu.cn/upload/resources/image/2019/12/16/7546397_500x335.jpg\" title=\"微信图片_20191216225615\" alt=\"微信图片_20191216225615\" suffix=\"jpg\"></a></p><p><span></span></p><p><span>出席本次开幕式暨颁奖典礼的嘉宾有杭州师范大学教育学院院长温正胞教授，西南大学张诗亚教授，北京大学李猛教授，古典教育论坛发起人、湖南师范大学教育科学学院院长刘铁芳教授，湖南华夏投资集团总裁办副总经理鲁观宏先生，北京大学教育学院副院长刘云杉教授，复旦大学洪涛教授，同济大学柯小刚教授，华东师范大学刘良华教授，华南师范大学黄明喜教授，山东师范大学李长伟教授等。来自全国各地百余位高校专家、研究者、中小学教师、教育管理者参加会议。开幕式由杭州师范大学教育学院副院长严从根主持。</span></p><p><span></span></p><p><span>温正胞院长上台致辞，他对参加本次论坛的各位嘉宾表示欢迎，并介绍了我校办学历史、学院概况，他认为，在这个科学信息技术迅猛发展的时代，古典教育以及教育本身所蕴含的优良传统对于当代教育具有重要启迪和引领作用。刘铁芳教授致颁奖辞，他介绍了举办论坛的意义、征文情况及评选过程和结果，认为追寻古典之光是为了更好的融入时代，为了时代的多样性与丰富性，是一种立足古典而指向当下的行动方式。鲁观宏先生上台致辞，他介绍了设立奖项的初衷及华夏集团在教育方面的基本情况，并对获奖作者表示衷心的祝贺，同时预祝本次古典论坛取得圆满成功。</span></p><p><span></span></p><p><span>现场举行了华夏古典教育研究颁奖典礼。本次华夏古典教育研究奖征文活动共收到来自德国海德堡大学、北京大学、清华大学、中国人民大学、北京师范大学等海内外知名院校、中小学等基础教育机构来稿68篇，并评选出10篇优秀和10篇提名奖。</span></p><p><span></span></p><p style=\"text-align: center;\"><a href=\"http://jyxy.hznu.edu.cn/upload/resources/image/2019/12/16/7546398.jpg\" target=\"_blank\"><img src=\"http://jyxy.hznu.edu.cn/upload/resources/image/2019/12/16/7546398_500x335.jpg\" title=\"微信图片_20191216225550\" alt=\"微信图片_20191216225550\" suffix=\"jpg\"></a></p><p><span></span></p><p><span>大会上，西南大学张诗亚教授、湖南师范大学刘铁芳教授、复旦大学洪涛教授、北京大学李猛教授、浙江大学林志猛副教授、同济大学柯小刚教授、北京大学刘云杉教授、杭师大副院长严从根等一批重量级专家学者围绕“道蕴与文承”、“重返起源：现代教育的古典之维”、“希腊古典教育思想中的基本问题——以阿里斯托芬《云》为中心”、“希腊悲剧具有政治性吗？什么样的政治？”、“柏拉图谈职业教育与德性教育”、“《易经》与古典教育”、““呆头鹅”的现代际遇与教育可能”、“教育理论生活和教育实践生活的共生——论教育哲人现代谋划方案的危险和古典谋划方案的重启”等作了12场专题报告。</span></p><p style=\"text-align: center;\"><a href=\"http://jyxy.hznu.edu.cn/upload/resources/image/2019/12/16/7546399.jpg\" target=\"_blank\"><img src=\"http://jyxy.hznu.edu.cn/upload/resources/image/2019/12/16/7546399_500x335.jpg\" title=\"微信图片_20191216225602\" alt=\"微信图片_20191216225602\" suffix=\"jpg\"></a></p><p><span></span></p><p><span>根据“古典教育”的主题，大会设三个分论坛，展开研讨和交流活动。论坛包含报告、自由问答、评议等环节，凝聚视角，交流学习，深入研讨，其中有15位学者作了主旨报告。他们从不同的视角解读探究古典教育维度各异的思想激荡，进一步促进加深彼此对该领域的理解认知，推动大会进程。</span></p><p><span></span></p><p><span>本次大会还组织了青年学者圆桌论坛。湖南师范大学杨道宇教授、杭州师范大学徐洁博士等一批青年学者围绕古典教育思想的生命力、教育实践、历史逻辑及意义、古典教育的动力等问题展开探讨和交流。</span></p><p><span></span></p><p><span>论坛取得圆满成功。正如杭师大教育学院副院长严从根所说，在现今时代，从事古典教育研究，开办古典教育论坛是非常有意义的事情，有助于反思现代性，有助于文化自省和自信。非常感谢与会专家和青年才俊带来的学术大餐，也期待古典教育论坛越办越好！</span></p>', 2, 2, '/static/upload/2020-01-05-14_29_49.jpg', 3, 0, 0, '2020-01-05', '2020-01-06', 1);

-- ----------------------------
-- Table structure for article_classify
-- ----------------------------
DROP TABLE IF EXISTS `article_classify`;
CREATE TABLE `article_classify`  (
  `id` int(11) NOT NULL AUTO_INCREMENT,
  `title` varchar(255) CHARACTER SET utf8 COLLATE utf8_general_ci NOT NULL,
  `describe` varchar(255) CHARACTER SET utf8 COLLATE utf8_general_ci NOT NULL,
  `create_time` date NOT NULL,
  `update_time` date NOT NULL,
  `status` tinyint(1) NOT NULL,
  PRIMARY KEY (`id`) USING BTREE
) ENGINE = InnoDB AUTO_INCREMENT = 5 CHARACTER SET = utf8 COLLATE = utf8_general_ci ROW_FORMAT = Compact;

-- ----------------------------
-- Records of article_classify
-- ----------------------------
INSERT INTO `article_classify` VALUES (1, '师大新闻', '师大新闻', '2019-12-24', '2019-12-24', 1);
INSERT INTO `article_classify` VALUES (2, '学科建设', '学科建设', '2019-12-24', '2019-12-24', 1);
INSERT INTO `article_classify` VALUES (3, '杭师人物', '杭师人物', '2019-12-24', '2019-12-24', 1);
INSERT INTO `article_classify` VALUES (4, '图说杭师', '图说杭师', '2019-12-24', '2019-12-24', 1);

-- ----------------------------
-- Table structure for auth_group
-- ----------------------------
DROP TABLE IF EXISTS `auth_group`;
CREATE TABLE `auth_group`  (
  `id` int(11) NOT NULL AUTO_INCREMENT,
  `name` varchar(150) CHARACTER SET utf8 COLLATE utf8_general_ci NOT NULL,
  PRIMARY KEY (`id`) USING BTREE,
  UNIQUE INDEX `name`(`name`) USING BTREE
) ENGINE = InnoDB AUTO_INCREMENT = 1 CHARACTER SET = utf8 COLLATE = utf8_general_ci ROW_FORMAT = Compact;

-- ----------------------------
-- Table structure for auth_group_permissions
-- ----------------------------
DROP TABLE IF EXISTS `auth_group_permissions`;
CREATE TABLE `auth_group_permissions`  (
  `id` int(11) NOT NULL AUTO_INCREMENT,
  `group_id` int(11) NOT NULL,
  `permission_id` int(11) NOT NULL,
  PRIMARY KEY (`id`) USING BTREE,
  UNIQUE INDEX `auth_group_permissions_group_id_permission_id_0cd325b0_uniq`(`group_id`, `permission_id`) USING BTREE,
  INDEX `auth_group_permissio_permission_id_84c5c92e_fk_auth_perm`(`permission_id`) USING BTREE,
  CONSTRAINT `auth_group_permissio_permission_id_84c5c92e_fk_auth_perm` FOREIGN KEY (`permission_id`) REFERENCES `auth_permission` (`id`) ON DELETE RESTRICT ON UPDATE RESTRICT,
  CONSTRAINT `auth_group_permissions_group_id_b120cbf9_fk_auth_group_id` FOREIGN KEY (`group_id`) REFERENCES `auth_group` (`id`) ON DELETE RESTRICT ON UPDATE RESTRICT
) ENGINE = InnoDB AUTO_INCREMENT = 1 CHARACTER SET = utf8 COLLATE = utf8_general_ci ROW_FORMAT = Compact;

-- ----------------------------
-- Table structure for auth_permission
-- ----------------------------
DROP TABLE IF EXISTS `auth_permission`;
CREATE TABLE `auth_permission`  (
  `id` int(11) NOT NULL AUTO_INCREMENT,
  `name` varchar(255) CHARACTER SET utf8 COLLATE utf8_general_ci NOT NULL,
  `content_type_id` int(11) NOT NULL,
  `codename` varchar(100) CHARACTER SET utf8 COLLATE utf8_general_ci NOT NULL,
  PRIMARY KEY (`id`) USING BTREE,
  UNIQUE INDEX `auth_permission_content_type_id_codename_01ab375a_uniq`(`content_type_id`, `codename`) USING BTREE,
  CONSTRAINT `auth_permission_content_type_id_2f476e4b_fk_django_co` FOREIGN KEY (`content_type_id`) REFERENCES `django_content_type` (`id`) ON DELETE RESTRICT ON UPDATE RESTRICT
) ENGINE = InnoDB AUTO_INCREMENT = 49 CHARACTER SET = utf8 COLLATE = utf8_general_ci ROW_FORMAT = Compact;

-- ----------------------------
-- Records of auth_permission
-- ----------------------------
INSERT INTO `auth_permission` VALUES (1, 'Can add log entry', 1, 'add_logentry');
INSERT INTO `auth_permission` VALUES (2, 'Can change log entry', 1, 'change_logentry');
INSERT INTO `auth_permission` VALUES (3, 'Can delete log entry', 1, 'delete_logentry');
INSERT INTO `auth_permission` VALUES (4, 'Can view log entry', 1, 'view_logentry');
INSERT INTO `auth_permission` VALUES (5, 'Can add permission', 2, 'add_permission');
INSERT INTO `auth_permission` VALUES (6, 'Can change permission', 2, 'change_permission');
INSERT INTO `auth_permission` VALUES (7, 'Can delete permission', 2, 'delete_permission');
INSERT INTO `auth_permission` VALUES (8, 'Can view permission', 2, 'view_permission');
INSERT INTO `auth_permission` VALUES (9, 'Can add group', 3, 'add_group');
INSERT INTO `auth_permission` VALUES (10, 'Can change group', 3, 'change_group');
INSERT INTO `auth_permission` VALUES (11, 'Can delete group', 3, 'delete_group');
INSERT INTO `auth_permission` VALUES (12, 'Can view group', 3, 'view_group');
INSERT INTO `auth_permission` VALUES (13, 'Can add user', 4, 'add_user');
INSERT INTO `auth_permission` VALUES (14, 'Can change user', 4, 'change_user');
INSERT INTO `auth_permission` VALUES (15, 'Can delete user', 4, 'delete_user');
INSERT INTO `auth_permission` VALUES (16, 'Can view user', 4, 'view_user');
INSERT INTO `auth_permission` VALUES (17, 'Can add content type', 5, 'add_contenttype');
INSERT INTO `auth_permission` VALUES (18, 'Can change content type', 5, 'change_contenttype');
INSERT INTO `auth_permission` VALUES (19, 'Can delete content type', 5, 'delete_contenttype');
INSERT INTO `auth_permission` VALUES (20, 'Can view content type', 5, 'view_contenttype');
INSERT INTO `auth_permission` VALUES (21, 'Can add session', 6, 'add_session');
INSERT INTO `auth_permission` VALUES (22, 'Can change session', 6, 'change_session');
INSERT INTO `auth_permission` VALUES (23, 'Can delete session', 6, 'delete_session');
INSERT INTO `auth_permission` VALUES (24, 'Can view session', 6, 'view_session');
INSERT INTO `auth_permission` VALUES (25, 'Can add user', 7, 'add_user');
INSERT INTO `auth_permission` VALUES (26, 'Can change user', 7, 'change_user');
INSERT INTO `auth_permission` VALUES (27, 'Can delete user', 7, 'delete_user');
INSERT INTO `auth_permission` VALUES (28, 'Can view user', 7, 'view_user');
INSERT INTO `auth_permission` VALUES (29, 'Can add role', 8, 'add_role');
INSERT INTO `auth_permission` VALUES (30, 'Can change role', 8, 'change_role');
INSERT INTO `auth_permission` VALUES (31, 'Can delete role', 8, 'delete_role');
INSERT INTO `auth_permission` VALUES (32, 'Can view role', 8, 'view_role');
INSERT INTO `auth_permission` VALUES (33, 'Can add user', 9, 'add_user');
INSERT INTO `auth_permission` VALUES (34, 'Can change user', 9, 'change_user');
INSERT INTO `auth_permission` VALUES (35, 'Can delete user', 9, 'delete_user');
INSERT INTO `auth_permission` VALUES (36, 'Can view user', 9, 'view_user');
INSERT INTO `auth_permission` VALUES (37, 'Can add article', 10, 'add_article');
INSERT INTO `auth_permission` VALUES (38, 'Can change article', 10, 'change_article');
INSERT INTO `auth_permission` VALUES (39, 'Can delete article', 10, 'delete_article');
INSERT INTO `auth_permission` VALUES (40, 'Can view article', 10, 'view_article');
INSERT INTO `auth_permission` VALUES (41, 'Can add classify', 11, 'add_classify');
INSERT INTO `auth_permission` VALUES (42, 'Can change classify', 11, 'change_classify');
INSERT INTO `auth_permission` VALUES (43, 'Can delete classify', 11, 'delete_classify');
INSERT INTO `auth_permission` VALUES (44, 'Can view classify', 11, 'view_classify');
INSERT INTO `auth_permission` VALUES (45, 'Can add visitors', 12, 'add_visitors');
INSERT INTO `auth_permission` VALUES (46, 'Can change visitors', 12, 'change_visitors');
INSERT INTO `auth_permission` VALUES (47, 'Can delete visitors', 12, 'delete_visitors');
INSERT INTO `auth_permission` VALUES (48, 'Can view visitors', 12, 'view_visitors');

-- ----------------------------
-- Table structure for auth_user
-- ----------------------------
DROP TABLE IF EXISTS `auth_user`;
CREATE TABLE `auth_user`  (
  `id` int(11) NOT NULL AUTO_INCREMENT,
  `password` varchar(128) CHARACTER SET utf8 COLLATE utf8_general_ci NOT NULL,
  `last_login` datetime(6) NULL DEFAULT NULL,
  `is_superuser` tinyint(1) NOT NULL,
  `username` varchar(150) CHARACTER SET utf8 COLLATE utf8_general_ci NOT NULL,
  `first_name` varchar(30) CHARACTER SET utf8 COLLATE utf8_general_ci NOT NULL,
  `last_name` varchar(150) CHARACTER SET utf8 COLLATE utf8_general_ci NOT NULL,
  `email` varchar(254) CHARACTER SET utf8 COLLATE utf8_general_ci NOT NULL,
  `is_staff` tinyint(1) NOT NULL,
  `is_active` tinyint(1) NOT NULL,
  `date_joined` datetime(6) NOT NULL,
  PRIMARY KEY (`id`) USING BTREE,
  UNIQUE INDEX `username`(`username`) USING BTREE
) ENGINE = InnoDB AUTO_INCREMENT = 1 CHARACTER SET = utf8 COLLATE = utf8_general_ci ROW_FORMAT = Compact;

-- ----------------------------
-- Table structure for auth_user_groups
-- ----------------------------
DROP TABLE IF EXISTS `auth_user_groups`;
CREATE TABLE `auth_user_groups`  (
  `id` int(11) NOT NULL AUTO_INCREMENT,
  `user_id` int(11) NOT NULL,
  `group_id` int(11) NOT NULL,
  PRIMARY KEY (`id`) USING BTREE,
  UNIQUE INDEX `auth_user_groups_user_id_group_id_94350c0c_uniq`(`user_id`, `group_id`) USING BTREE,
  INDEX `auth_user_groups_group_id_97559544_fk_auth_group_id`(`group_id`) USING BTREE,
  CONSTRAINT `auth_user_groups_group_id_97559544_fk_auth_group_id` FOREIGN KEY (`group_id`) REFERENCES `auth_group` (`id`) ON DELETE RESTRICT ON UPDATE RESTRICT,
  CONSTRAINT `auth_user_groups_user_id_6a12ed8b_fk_auth_user_id` FOREIGN KEY (`user_id`) REFERENCES `auth_user` (`id`) ON DELETE RESTRICT ON UPDATE RESTRICT
) ENGINE = InnoDB AUTO_INCREMENT = 1 CHARACTER SET = utf8 COLLATE = utf8_general_ci ROW_FORMAT = Compact;

-- ----------------------------
-- Table structure for auth_user_user_permissions
-- ----------------------------
DROP TABLE IF EXISTS `auth_user_user_permissions`;
CREATE TABLE `auth_user_user_permissions`  (
  `id` int(11) NOT NULL AUTO_INCREMENT,
  `user_id` int(11) NOT NULL,
  `permission_id` int(11) NOT NULL,
  PRIMARY KEY (`id`) USING BTREE,
  UNIQUE INDEX `auth_user_user_permissions_user_id_permission_id_14a6b632_uniq`(`user_id`, `permission_id`) USING BTREE,
  INDEX `auth_user_user_permi_permission_id_1fbb5f2c_fk_auth_perm`(`permission_id`) USING BTREE,
  CONSTRAINT `auth_user_user_permi_permission_id_1fbb5f2c_fk_auth_perm` FOREIGN KEY (`permission_id`) REFERENCES `auth_permission` (`id`) ON DELETE RESTRICT ON UPDATE RESTRICT,
  CONSTRAINT `auth_user_user_permissions_user_id_a95ead1b_fk_auth_user_id` FOREIGN KEY (`user_id`) REFERENCES `auth_user` (`id`) ON DELETE RESTRICT ON UPDATE RESTRICT
) ENGINE = InnoDB AUTO_INCREMENT = 1 CHARACTER SET = utf8 COLLATE = utf8_general_ci ROW_FORMAT = Compact;

-- ----------------------------
-- Table structure for django_admin_log
-- ----------------------------
DROP TABLE IF EXISTS `django_admin_log`;
CREATE TABLE `django_admin_log`  (
  `id` int(11) NOT NULL AUTO_INCREMENT,
  `action_time` datetime(6) NOT NULL,
  `object_id` longtext CHARACTER SET utf8 COLLATE utf8_general_ci NULL,
  `object_repr` varchar(200) CHARACTER SET utf8 COLLATE utf8_general_ci NOT NULL,
  `action_flag` smallint(5) UNSIGNED NOT NULL,
  `change_message` longtext CHARACTER SET utf8 COLLATE utf8_general_ci NOT NULL,
  `content_type_id` int(11) NULL DEFAULT NULL,
  `user_id` int(11) NOT NULL,
  PRIMARY KEY (`id`) USING BTREE,
  INDEX `django_admin_log_content_type_id_c4bce8eb_fk_django_co`(`content_type_id`) USING BTREE,
  INDEX `django_admin_log_user_id_c564eba6_fk_auth_user_id`(`user_id`) USING BTREE,
  CONSTRAINT `django_admin_log_content_type_id_c4bce8eb_fk_django_co` FOREIGN KEY (`content_type_id`) REFERENCES `django_content_type` (`id`) ON DELETE RESTRICT ON UPDATE RESTRICT,
  CONSTRAINT `django_admin_log_user_id_c564eba6_fk_auth_user_id` FOREIGN KEY (`user_id`) REFERENCES `auth_user` (`id`) ON DELETE RESTRICT ON UPDATE RESTRICT
) ENGINE = InnoDB AUTO_INCREMENT = 1 CHARACTER SET = utf8 COLLATE = utf8_general_ci ROW_FORMAT = Compact;

-- ----------------------------
-- Table structure for django_content_type
-- ----------------------------
DROP TABLE IF EXISTS `django_content_type`;
CREATE TABLE `django_content_type`  (
  `id` int(11) NOT NULL AUTO_INCREMENT,
  `app_label` varchar(100) CHARACTER SET utf8 COLLATE utf8_general_ci NOT NULL,
  `model` varchar(100) CHARACTER SET utf8 COLLATE utf8_general_ci NOT NULL,
  PRIMARY KEY (`id`) USING BTREE,
  UNIQUE INDEX `django_content_type_app_label_model_76bd3d3b_uniq`(`app_label`, `model`) USING BTREE
) ENGINE = InnoDB AUTO_INCREMENT = 13 CHARACTER SET = utf8 COLLATE = utf8_general_ci ROW_FORMAT = Compact;

-- ----------------------------
-- Records of django_content_type
-- ----------------------------
INSERT INTO `django_content_type` VALUES (1, 'admin', 'logentry');
INSERT INTO `django_content_type` VALUES (8, 'administrator', 'role');
INSERT INTO `django_content_type` VALUES (9, 'administrator', 'user');
INSERT INTO `django_content_type` VALUES (10, 'article', 'article');
INSERT INTO `django_content_type` VALUES (11, 'article', 'classify');
INSERT INTO `django_content_type` VALUES (3, 'auth', 'group');
INSERT INTO `django_content_type` VALUES (2, 'auth', 'permission');
INSERT INTO `django_content_type` VALUES (4, 'auth', 'user');
INSERT INTO `django_content_type` VALUES (5, 'contenttypes', 'contenttype');
INSERT INTO `django_content_type` VALUES (12, 'echarts', 'visitors');
INSERT INTO `django_content_type` VALUES (7, 'member', 'user');
INSERT INTO `django_content_type` VALUES (6, 'sessions', 'session');

-- ----------------------------
-- Table structure for django_migrations
-- ----------------------------
DROP TABLE IF EXISTS `django_migrations`;
CREATE TABLE `django_migrations`  (
  `id` int(11) NOT NULL AUTO_INCREMENT,
  `app` varchar(255) CHARACTER SET utf8 COLLATE utf8_general_ci NOT NULL,
  `name` varchar(255) CHARACTER SET utf8 COLLATE utf8_general_ci NOT NULL,
  `applied` datetime(6) NOT NULL,
  PRIMARY KEY (`id`) USING BTREE
) ENGINE = InnoDB AUTO_INCREMENT = 22 CHARACTER SET = utf8 COLLATE = utf8_general_ci ROW_FORMAT = Compact;

-- ----------------------------
-- Records of django_migrations
-- ----------------------------
INSERT INTO `django_migrations` VALUES (1, 'contenttypes', '0001_initial', '2020-01-04 13:12:28.120136');
INSERT INTO `django_migrations` VALUES (2, 'auth', '0001_initial', '2020-01-04 13:12:28.408398');
INSERT INTO `django_migrations` VALUES (3, 'admin', '0001_initial', '2020-01-04 13:12:29.127470');
INSERT INTO `django_migrations` VALUES (4, 'admin', '0002_logentry_remove_auto_add', '2020-01-04 13:12:29.282056');
INSERT INTO `django_migrations` VALUES (5, 'admin', '0003_logentry_add_action_flag_choices', '2020-01-04 13:12:29.292035');
INSERT INTO `django_migrations` VALUES (6, 'administrator', '0001_initial', '2020-01-04 13:12:29.402733');
INSERT INTO `django_migrations` VALUES (7, 'article', '0001_initial', '2020-01-04 13:12:29.499479');
INSERT INTO `django_migrations` VALUES (8, 'contenttypes', '0002_remove_content_type_name', '2020-01-04 13:12:29.635114');
INSERT INTO `django_migrations` VALUES (9, 'auth', '0002_alter_permission_name_max_length', '2020-01-04 13:12:29.718860');
INSERT INTO `django_migrations` VALUES (10, 'auth', '0003_alter_user_email_max_length', '2020-01-04 13:12:29.798647');
INSERT INTO `django_migrations` VALUES (11, 'auth', '0004_alter_user_username_opts', '2020-01-04 13:12:29.809617');
INSERT INTO `django_migrations` VALUES (12, 'auth', '0005_alter_user_last_login_null', '2020-01-04 13:12:29.908353');
INSERT INTO `django_migrations` VALUES (13, 'auth', '0006_require_contenttypes_0002', '2020-01-04 13:12:29.913339');
INSERT INTO `django_migrations` VALUES (14, 'auth', '0007_alter_validators_add_error_messages', '2020-01-04 13:12:29.923345');
INSERT INTO `django_migrations` VALUES (15, 'auth', '0008_alter_user_username_max_length', '2020-01-04 13:12:30.020088');
INSERT INTO `django_migrations` VALUES (16, 'auth', '0009_alter_user_last_name_max_length', '2020-01-04 13:12:30.098876');
INSERT INTO `django_migrations` VALUES (17, 'auth', '0010_alter_group_name_max_length', '2020-01-04 13:12:30.180624');
INSERT INTO `django_migrations` VALUES (18, 'auth', '0011_update_proxy_permissions', '2020-01-04 13:12:30.193617');
INSERT INTO `django_migrations` VALUES (19, 'echarts', '0001_initial', '2020-01-04 13:12:30.258417');
INSERT INTO `django_migrations` VALUES (20, 'member', '0001_initial', '2020-01-04 13:12:30.330232');
INSERT INTO `django_migrations` VALUES (21, 'sessions', '0001_initial', '2020-01-04 13:12:30.390064');

-- ----------------------------
-- Table structure for django_session
-- ----------------------------
DROP TABLE IF EXISTS `django_session`;
CREATE TABLE `django_session`  (
  `session_key` varchar(40) CHARACTER SET utf8 COLLATE utf8_general_ci NOT NULL,
  `session_data` longtext CHARACTER SET utf8 COLLATE utf8_general_ci NOT NULL,
  `expire_date` datetime(6) NOT NULL,
  PRIMARY KEY (`session_key`) USING BTREE,
  INDEX `django_session_expire_date_a5c62663`(`expire_date`) USING BTREE
) ENGINE = InnoDB CHARACTER SET = utf8 COLLATE = utf8_general_ci ROW_FORMAT = Compact;

-- ----------------------------
-- Records of django_session
-- ----------------------------
INSERT INTO `django_session` VALUES ('1py53x0hew70m9uv0awq59rlwx6sizzj', 'NWI1MjJiYTgxNjQ2ZDVlZTExMTAyNTg4OTYwZGMxOTYzZDA0MzM2OTp7ImFkbWluX3VzZXJuYW1lIjoiYWRtaW4iLCJhZG1pbl9pZCI6MX0=', '2020-01-05 01:50:14.002313');
INSERT INTO `django_session` VALUES ('25aws9lpki25e7jqaag2locvulcso4pt', 'NWI1MjJiYTgxNjQ2ZDVlZTExMTAyNTg4OTYwZGMxOTYzZDA0MzM2OTp7ImFkbWluX3VzZXJuYW1lIjoiYWRtaW4iLCJhZG1pbl9pZCI6MX0=', '2020-01-05 02:15:17.849691');
INSERT INTO `django_session` VALUES ('2u96ncvjokn4m8u8z9o8eob4ew4gkbzr', 'NWI1MjJiYTgxNjQ2ZDVlZTExMTAyNTg4OTYwZGMxOTYzZDA0MzM2OTp7ImFkbWluX3VzZXJuYW1lIjoiYWRtaW4iLCJhZG1pbl9pZCI6MX0=', '2020-01-05 03:26:47.801787');
INSERT INTO `django_session` VALUES ('4yrs0mx2ewl6sm0xegpnm8uh2n7qnwi8', 'NWI1MjJiYTgxNjQ2ZDVlZTExMTAyNTg4OTYwZGMxOTYzZDA0MzM2OTp7ImFkbWluX3VzZXJuYW1lIjoiYWRtaW4iLCJhZG1pbl9pZCI6MX0=', '2020-01-05 02:43:27.622522');
INSERT INTO `django_session` VALUES ('5wi0qiu3cgb3xvf72pfucy03wgqn3568', 'NWI1MjJiYTgxNjQ2ZDVlZTExMTAyNTg4OTYwZGMxOTYzZDA0MzM2OTp7ImFkbWluX3VzZXJuYW1lIjoiYWRtaW4iLCJhZG1pbl9pZCI6MX0=', '2020-01-05 02:37:08.771226');
INSERT INTO `django_session` VALUES ('6e2715jvnib9mmsp0p932gwrqu3wzwfq', 'NWI1MjJiYTgxNjQ2ZDVlZTExMTAyNTg4OTYwZGMxOTYzZDA0MzM2OTp7ImFkbWluX3VzZXJuYW1lIjoiYWRtaW4iLCJhZG1pbl9pZCI6MX0=', '2020-01-05 21:51:20.925941');
INSERT INTO `django_session` VALUES ('6ih84vfd4b70muy8y1gjmfcwyn7susbz', 'NWI1MjJiYTgxNjQ2ZDVlZTExMTAyNTg4OTYwZGMxOTYzZDA0MzM2OTp7ImFkbWluX3VzZXJuYW1lIjoiYWRtaW4iLCJhZG1pbl9pZCI6MX0=', '2020-01-05 20:42:48.305733');
INSERT INTO `django_session` VALUES ('7o9u5m5m833onjx106avvv3eqs6hxlvd', 'NWI1MjJiYTgxNjQ2ZDVlZTExMTAyNTg4OTYwZGMxOTYzZDA0MzM2OTp7ImFkbWluX3VzZXJuYW1lIjoiYWRtaW4iLCJhZG1pbl9pZCI6MX0=', '2020-01-05 03:26:10.982149');
INSERT INTO `django_session` VALUES ('8cya3jidcq6rjzg12xm3vl4z8ots4vha', 'NWI1MjJiYTgxNjQ2ZDVlZTExMTAyNTg4OTYwZGMxOTYzZDA0MzM2OTp7ImFkbWluX3VzZXJuYW1lIjoiYWRtaW4iLCJhZG1pbl9pZCI6MX0=', '2020-01-05 03:37:40.651551');
INSERT INTO `django_session` VALUES ('cs84zbpkivmbmgr888mzcxfbpvpldl6r', 'NWI1MjJiYTgxNjQ2ZDVlZTExMTAyNTg4OTYwZGMxOTYzZDA0MzM2OTp7ImFkbWluX3VzZXJuYW1lIjoiYWRtaW4iLCJhZG1pbl9pZCI6MX0=', '2020-01-06 12:06:48.499582');
INSERT INTO `django_session` VALUES ('f5gkluqdu9sltedzzmur88whnu3yp0md', 'NWI1MjJiYTgxNjQ2ZDVlZTExMTAyNTg4OTYwZGMxOTYzZDA0MzM2OTp7ImFkbWluX3VzZXJuYW1lIjoiYWRtaW4iLCJhZG1pbl9pZCI6MX0=', '2020-01-05 03:25:25.545510');
INSERT INTO `django_session` VALUES ('fb5t373l2hijpx597saalwm9nozdov83', 'NWI1MjJiYTgxNjQ2ZDVlZTExMTAyNTg4OTYwZGMxOTYzZDA0MzM2OTp7ImFkbWluX3VzZXJuYW1lIjoiYWRtaW4iLCJhZG1pbl9pZCI6MX0=', '2020-01-05 03:19:53.781763');
INSERT INTO `django_session` VALUES ('h2dm7hxz73lwuq0wf4s1v031oj9gbhp0', 'NWI1MjJiYTgxNjQ2ZDVlZTExMTAyNTg4OTYwZGMxOTYzZDA0MzM2OTp7ImFkbWluX3VzZXJuYW1lIjoiYWRtaW4iLCJhZG1pbl9pZCI6MX0=', '2020-01-05 18:35:06.550922');
INSERT INTO `django_session` VALUES ('km4d98bivaag4p7qfx6zdnpszu30qraf', 'NWI1MjJiYTgxNjQ2ZDVlZTExMTAyNTg4OTYwZGMxOTYzZDA0MzM2OTp7ImFkbWluX3VzZXJuYW1lIjoiYWRtaW4iLCJhZG1pbl9pZCI6MX0=', '2020-01-06 02:49:08.082172');
INSERT INTO `django_session` VALUES ('lkvrc7ew18x4586txpq25dicbizddret', 'NWI1MjJiYTgxNjQ2ZDVlZTExMTAyNTg4OTYwZGMxOTYzZDA0MzM2OTp7ImFkbWluX3VzZXJuYW1lIjoiYWRtaW4iLCJhZG1pbl9pZCI6MX0=', '2020-01-05 02:20:35.037240');
INSERT INTO `django_session` VALUES ('owo1yylrqlw72rdayj1cl2ngn8x0vh8a', 'NWI1MjJiYTgxNjQ2ZDVlZTExMTAyNTg4OTYwZGMxOTYzZDA0MzM2OTp7ImFkbWluX3VzZXJuYW1lIjoiYWRtaW4iLCJhZG1pbl9pZCI6MX0=', '2020-01-05 01:53:32.165738');
INSERT INTO `django_session` VALUES ('sgnrlzll2jdlxggtw7hwmx226efac4c9', 'NWI1MjJiYTgxNjQ2ZDVlZTExMTAyNTg4OTYwZGMxOTYzZDA0MzM2OTp7ImFkbWluX3VzZXJuYW1lIjoiYWRtaW4iLCJhZG1pbl9pZCI6MX0=', '2020-01-05 03:27:47.433152');
INSERT INTO `django_session` VALUES ('ta6iimy5zsr2taacibsc5h59ilzsys0c', 'NzNlMDM2ODk4NTE5NWQ0YThiNTA4OTRlNzg4NzU4NzNjYmE5YzQ5Mjp7fQ==', '2020-01-06 01:11:28.702575');

-- ----------------------------
-- Table structure for echarts_visitors
-- ----------------------------
DROP TABLE IF EXISTS `echarts_visitors`;
CREATE TABLE `echarts_visitors`  (
  `id` int(11) NOT NULL AUTO_INCREMENT,
  `visitors` int(11) NOT NULL,
  `create_time` date NOT NULL,
  `update_time` date NOT NULL,
  `status` tinyint(1) NOT NULL,
  PRIMARY KEY (`id`) USING BTREE
) ENGINE = InnoDB AUTO_INCREMENT = 12 CHARACTER SET = utf8 COLLATE = utf8_general_ci ROW_FORMAT = Compact;

-- ----------------------------
-- Records of echarts_visitors
-- ----------------------------
INSERT INTO `echarts_visitors` VALUES (1, 354, '2019-12-17', '2019-12-17', 1);
INSERT INTO `echarts_visitors` VALUES (2, 153, '2019-12-18', '2019-12-18', 1);
INSERT INTO `echarts_visitors` VALUES (3, 23, '2019-12-19', '2019-12-19', 1);
INSERT INTO `echarts_visitors` VALUES (4, 412, '2019-12-20', '2019-12-20', 1);
INSERT INTO `echarts_visitors` VALUES (5, 123, '2019-12-21', '2019-12-21', 1);
INSERT INTO `echarts_visitors` VALUES (6, 132, '2019-12-22', '2019-12-22', 1);
INSERT INTO `echarts_visitors` VALUES (7, 423, '2019-12-23', '2019-12-23', 1);
INSERT INTO `echarts_visitors` VALUES (8, 123, '2019-12-24', '2019-12-24', 1);
INSERT INTO `echarts_visitors` VALUES (9, 27, '2020-01-04', '2020-01-04', 1);
INSERT INTO `echarts_visitors` VALUES (10, 27, '2020-01-05', '2020-01-05', 1);
INSERT INTO `echarts_visitors` VALUES (11, 2, '2020-01-06', '2020-01-06', 1);

-- ----------------------------
-- Table structure for member_user
-- ----------------------------
DROP TABLE IF EXISTS `member_user`;
CREATE TABLE `member_user`  (
  `id` int(11) NOT NULL AUTO_INCREMENT,
  `username` varchar(255) CHARACTER SET utf8 COLLATE utf8_general_ci NOT NULL,
  `password` varchar(255) CHARACTER SET utf8 COLLATE utf8_general_ci NOT NULL,
  `name` varchar(63) CHARACTER SET utf8 COLLATE utf8_general_ci NOT NULL,
  `sex` tinyint(1) NOT NULL,
  `tel` varchar(20) CHARACTER SET utf8 COLLATE utf8_general_ci NOT NULL,
  `email` varchar(255) CHARACTER SET utf8 COLLATE utf8_general_ci NOT NULL,
  `address` varchar(255) CHARACTER SET utf8 COLLATE utf8_general_ci NOT NULL,
  `create_time` date NOT NULL,
  `update_time` date NOT NULL,
  `status` tinyint(1) NOT NULL,
  PRIMARY KEY (`id`) USING BTREE
) ENGINE = InnoDB AUTO_INCREMENT = 42 CHARACTER SET = utf8 COLLATE = utf8_general_ci ROW_FORMAT = Compact;

-- ----------------------------
-- Records of member_user
-- ----------------------------
INSERT INTO `member_user` VALUES (1, 'jye', 'pbkdf2_sha256$180000$cOQlCewRAObE$hL2l2Vhyn66/7rneZBhsjgeofP+cqiq8TL3IkLzitMI=', '吴玉', 0, '15038579369', 'caoyan@yangli.cn', '河北省辛集市东丽钱街I座 486532', '2019-12-24', '2019-12-24', 1);
INSERT INTO `member_user` VALUES (2, 'lei59', 'pbkdf2_sha256$180000$BIcGAx5ph3Pw$J6DrRBU7gd3NgGAMq5XLSVPECwNvpybPZy2CEJpJluw=', '郭雪', 0, '13375103010', 'xxia@guiyingzhong.org', '安徽省宁市孝南兴安盟街q座 583059', '2019-12-24', '2019-12-24', 1);
INSERT INTO `member_user` VALUES (3, 'houxiulan', 'pbkdf2_sha256$180000$EU0Xj5rfKepe$1NEacg+15StBK5CtFG3aiytCbqzjNCLS2hESU2ICn7U=', '吴琳', 0, '18717137002', 'qiang21@gmail.com', '河北省辛集县普陀辛集街r座 656940', '2019-12-24', '2019-12-24', 1);
INSERT INTO `member_user` VALUES (4, 'ylei', 'pbkdf2_sha256$180000$HvMcWxhWCtvU$whgn8Qwt3UZGfhQlNWWQScucqStj4d1w5LKnm6Sdzf8=', '陈东', 0, '13702748727', 'mqin@xie.cn', '贵州省秀兰市清城刘街x座 791215', '2019-12-24', '2019-12-24', 1);
INSERT INTO `member_user` VALUES (5, 'yanyi', 'pbkdf2_sha256$180000$4LoDywQmIwtr$9H9L3R4TxIZd2bXf6kYr6u2i+74251Riq+0xONhgYhw=', '许帅', 0, '18848914350', 'mqiu@gmail.com', '重庆市红霞县沈河齐齐哈尔街M座 332143', '2019-12-24', '2019-12-24', 1);
INSERT INTO `member_user` VALUES (6, 'xiexia', 'pbkdf2_sha256$180000$lODVouby4yda$yuj9liFZCroyXyJjo0cy+qZy/aBOk7y8oQgHpiXE3Gk=', '李艳', 0, '15019079550', 'gangyang@aj.cn', '江西省雪市魏都陶街s座 437053', '2019-12-24', '2019-12-24', 1);
INSERT INTO `member_user` VALUES (7, 'mwan', 'pbkdf2_sha256$180000$gSVPveHruBbj$bYcRYYFSZnUMuKUF1aO6VoX9NfBCvhPKNoKdefzpVC4=', '任彬', 0, '15200946614', 'lkong@gb.cn', '吉林省洁市梁平福州街n座 197421', '2019-12-24', '2019-12-24', 1);
INSERT INTO `member_user` VALUES (8, 'daijuan', 'pbkdf2_sha256$180000$0j7vmhm8TrwS$nf1SmreANbwUgf6tnD/S2uuAdkHAg4wRoglSNIF6lsw=', '方博', 0, '18830803517', 'qzeng@gang.cn', '福建省哈尔滨县东城阎街y座 638044', '2019-12-24', '2019-12-24', 1);
INSERT INTO `member_user` VALUES (9, 'ming61', 'pbkdf2_sha256$180000$jajlSTsVw8tN$sLgY7PObvmkUOGThnypVZbx1E6twl9D1xr/+QuZ2rNw=', '李华', 0, '13865647713', 'gangchang@hotmail.com', '上海市郑州市房山黄路v座 563306', '2019-12-24', '2019-12-24', 1);
INSERT INTO `member_user` VALUES (10, 'qinjun', 'pbkdf2_sha256$180000$wYWi4drAeskh$ni+wSLPmNwBmS0vJgHnGDYR3cuE+Ub7Y5jELG2xUTT8=', '康玉珍', 0, '18799735653', 'lshen@wei.cn', '甘肃省福州市怀柔刘街M座 395196', '2019-12-24', '2019-12-24', 1);
INSERT INTO `member_user` VALUES (11, 'azou', 'pbkdf2_sha256$180000$BilW8RJpiRue$/Ma0Ah9QnzfpUs0NH/CHm0mnLxcyywrDyyezORY7vGU=', '张林', 0, '18545979403', 'mojun@bw.cn', '上海市台北市闵行孙路z座 328188', '2019-12-24', '2019-12-24', 1);
INSERT INTO `member_user` VALUES (12, 'nkang', 'pbkdf2_sha256$180000$v4zQVLQGfvww$n/A0QXxjHCMwnfqQ8iAITzokyEM5B/FgWRisiLemnM0=', '兰莉', 0, '18807896968', 'minkong@gmail.com', '甘肃省北京县龙潭台北街h座 400448', '2019-12-24', '2019-12-24', 1);
INSERT INTO `member_user` VALUES (13, 'qiang01', 'pbkdf2_sha256$180000$KLLgs7h7W1TB$r6KDSGRgvZxzjTNXO7tsAjjHODw1nvipGR7kWY7x2t4=', '冼岩', 0, '18057475308', 'vshi@yahoo.com', '云南省沈阳县花溪李路W座 668744', '2019-12-24', '2019-12-24', 1);
INSERT INTO `member_user` VALUES (14, 'bshao', 'pbkdf2_sha256$180000$ggi6669YoPin$uTu1mVz+8XfwqfqXGFz3OOZbEPgnci3VLbx8hEUEs78=', '李瑜', 0, '13515363757', 'jdu@jietao.cn', '青海省杨县安次宜都路R座 339619', '2019-12-24', '2019-12-24', 1);
INSERT INTO `member_user` VALUES (15, 'lzhao', 'pbkdf2_sha256$180000$2kT2DeO9k1Zf$GgJdHZC1kiPD9o9Fx0eDdqtQf0fmdX8cHs3sCyRz4+s=', '陈萍', 0, '18186114087', 'pinggao@qz.cn', '宁夏回族自治区兴安盟县上街太原街G座 986026', '2019-12-24', '2019-12-24', 1);
INSERT INTO `member_user` VALUES (16, 'stian', 'pbkdf2_sha256$180000$T6XzrDLOapUs$dM6BrqEdAmdoXHY+kcdlnszzvejLp8wuch5HsmofrPk=', '鞠秀芳', 0, '15018863576', 'chaoguo@72.cn', '湖北省成都县秀英张家港路Z座 313577', '2019-12-24', '2019-12-24', 1);
INSERT INTO `member_user` VALUES (17, 'guiyingbai', 'pbkdf2_sha256$180000$idP7zJHXgPPc$GYMkrSrLClZbOxsRJ5gPj/VfPdEkhP0xbcdBk+FjH+A=', '谭磊', 0, '13165597840', 'tanna@35.cn', '江苏省畅市孝南北京路b座 288354', '2019-12-24', '2019-12-24', 1);
INSERT INTO `member_user` VALUES (18, 'zhongwei', 'pbkdf2_sha256$180000$CxZfLY0Ux7Jx$7vDjTyynUA0+XnjLucyLVZPOCsQqN7CQe7ugC9Qc9DQ=', '鞠俊', 0, '13253416924', 'xia96@zengwei.cn', '香港特别行政区香港县魏都祝街Q座 706403', '2019-12-24', '2019-12-24', 1);
INSERT INTO `member_user` VALUES (19, 'zren', 'pbkdf2_sha256$180000$GvX3NigYEvMJ$cEbgYRdsxt2tnpDWwfQW42wj2S7krA8Z95Rboz1HDJo=', '黄建', 0, '18676931874', 'qiangye@ping.cn', '山东省博市西峰六盘水街K座 417784', '2019-12-24', '2019-12-24', 1);
INSERT INTO `member_user` VALUES (20, 'qiang99', 'pbkdf2_sha256$180000$1rZaLejHk1IW$Z6qXnghkiGh+G792RiFxa0/2pQ8/BhaNurapcnQz72I=', '刘明', 0, '15169423973', 'fliu@gmail.com', '台湾省冬梅县友好方路n座 889422', '2019-12-24', '2019-12-24', 1);
INSERT INTO `member_user` VALUES (21, 'ahe', 'pbkdf2_sha256$180000$5LJSjH4Bvl7B$wDBZog4w47lhcm65UnZm4ST/4UI031v3Qffvr/uILuA=', '周婷婷', 0, '15042164095', 'ukang@gmail.com', '青海省敏县房山辽阳路X座 476538', '2019-12-24', '2019-12-24', 1);
INSERT INTO `member_user` VALUES (22, 'ping34', 'pbkdf2_sha256$180000$UCtaVNmCcrek$grrV18BnFskw+ZySMfeGu3CgwpcO59bDBPjzljsx0O0=', '金晶', 0, '14586018051', 'ming87@tangyuan.cn', '澳门特别行政区霞县丰都银川街W座 242803', '2019-12-24', '2019-12-24', 1);
INSERT INTO `member_user` VALUES (23, 'jing75', 'pbkdf2_sha256$180000$TmEslRweA7nC$EK268xTEKr//eq+kMA5fxqTzemdV8JjNMdM8wdpJJsQ=', '张彬', 0, '15594241685', 'liyang@ev.cn', '四川省淑华县西夏杨路f座 183118', '2019-12-24', '2019-12-24', 1);
INSERT INTO `member_user` VALUES (24, 'songjing', 'pbkdf2_sha256$180000$xNzNvr9tlbxq$jeMrndsojHU7ydFLwE8OCH+uRyl/bcgnV7dKFCfwOLE=', '钱丹丹', 0, '13099651901', 'lei91@hotmail.com', '广东省深圳市清城李路n座 665499', '2019-12-24', '2019-12-24', 1);
INSERT INTO `member_user` VALUES (25, 'slong', 'pbkdf2_sha256$180000$SjRkkSVPZjCM$ctXn9Qscy0nSTOz1pYegmFvzzp+nxByRACqh8tOchHo=', '周娟', 0, '15643997826', 'wxiong@hotmail.com', '重庆市桂香县璧山潜江街j座 746689', '2019-12-24', '2019-12-24', 1);
INSERT INTO `member_user` VALUES (26, 'kongxia', 'pbkdf2_sha256$180000$MpWkrGuCIxIO$W7TgrjF467tRiEvzek94rD3o0r4w5a249nKAYsJWo4I=', '朱玉珍', 0, '18076324083', 'hcai@guiying.cn', '新疆维吾尔自治区济南县蓟州阳路o座 650434', '2019-12-24', '2019-12-24', 1);
INSERT INTO `member_user` VALUES (27, 'huyong', 'pbkdf2_sha256$180000$nEJZn46TwcJ7$zayeD8AlZEcWECWy8c1+IpygOQwbYWjFsB3ccD0ULfo=', '王秀珍', 0, '13352888754', 'yang01@yahoo.com', '浙江省巢湖县怀柔徐街k座 815047', '2019-12-24', '2019-12-24', 1);
INSERT INTO `member_user` VALUES (28, 'fdeng', 'pbkdf2_sha256$180000$B4LZ82SVOcgk$Zh/8+mu/btADrBKrAalwxp6toW3Xmze+fPjkjcJN1/4=', '杨兵', 0, '15103567153', 'jingyuan@gmail.com', '陕西省晶市牧野张路D座 889057', '2019-12-24', '2019-12-24', 1);
INSERT INTO `member_user` VALUES (29, 'tliu', 'pbkdf2_sha256$180000$pRPPg0Zavyby$A5KXfV0uEdsPBIARiqXIa+uKa4h8OqaOLoNEWJlKXxg=', '张柳', 0, '15509264592', 'zliu@jiejing.cn', '北京市亮县牧野西安路Y座 176186', '2019-12-24', '2019-12-24', 1);
INSERT INTO `member_user` VALUES (30, 'taopeng', 'pbkdf2_sha256$180000$hYbZNw1u5Dtq$z9mFghpfcqbhirD35dK8RW5daNIfgWlOBs2vEv7uXLE=', '王秀梅', 0, '13159682824', 'daina@hotmail.com', '湖南省齐齐哈尔市长寿吴街V座 175678', '2019-12-24', '2019-12-24', 1);
INSERT INTO `member_user` VALUES (31, 'ojin', 'pbkdf2_sha256$180000$BIhnR63SjH5O$UeZphfp8UupF320dhJ2IjtNlKPtU1kxAJ2SYZt91SSc=', '崔晨', 0, '18926362970', 'nakong@fangmao.cn', '河南省宁德市江北惠州街f座 358140', '2019-12-24', '2019-12-24', 1);
INSERT INTO `member_user` VALUES (32, 'jli', 'pbkdf2_sha256$180000$Y5Z1BcBFt2zn$3Dh8zz8A3za6M84Xs13loUE2T0GwMeb/+HH6DKWO5xA=', '龙红梅', 0, '15541138760', 'luona@yaojin.cn', '香港特别行政区沈阳市双滦李路O座 798170', '2019-12-24', '2019-12-24', 1);
INSERT INTO `member_user` VALUES (33, 'ghao', 'pbkdf2_sha256$180000$sVY12th4Au9D$VubAV/u+UkcIVoSbUYKbhtzbpOt7hJhnuFmQ42pKCws=', '罗阳', 0, '13400502808', 'yonglu@hotmail.com', '黑龙江省乌鲁木齐县淄川长沙路F座 850286', '2019-12-24', '2019-12-24', 1);
INSERT INTO `member_user` VALUES (34, 'wenyang', 'pbkdf2_sha256$180000$AYQllw4FF72W$8yZZeM3hQhFFeGoc0R2kWQaOkrXZ5AfEQ7bBELJHeMg=', '张兵', 0, '14786009391', 'jiezhao@wangfang.cn', '山西省北京县淄川吕街f座 436665', '2019-12-24', '2019-12-24', 1);
INSERT INTO `member_user` VALUES (35, 'lyan', 'pbkdf2_sha256$180000$MEK0QMg23Ayd$dGPKhcuGYUNOT5rCSLu88Eq0/Y0jJ6vSD/MMA7ET2Mg=', '孟凤兰', 0, '18906394167', 'yongmeng@hotmail.com', '香港特别行政区瑜县丰都张路w座 240194', '2019-12-24', '2019-12-24', 1);
INSERT INTO `member_user` VALUES (36, 'hanping', 'pbkdf2_sha256$180000$mjbDX7k1iZL7$ysNLf5XQLsldXD95qzgfTpEJYMJiaZN7nWsKxg83FBk=', '杨涛', 0, '15246917227', 'xiafeng@leijuan.cn', '江苏省兰州县沈河胡街q座 624149', '2019-12-24', '2019-12-24', 1);
INSERT INTO `member_user` VALUES (37, 'hhuang', 'pbkdf2_sha256$180000$hwIuYK0JgUPP$fDHS0frrg331Ukelc3FSmFM/FW0fomR2a6gG/DlUU84=', '邱玉英', 0, '13109761065', 'chao20@23.cn', '黑龙江省海门市怀柔武汉路D座 949818', '2019-12-24', '2019-12-24', 1);
INSERT INTO `member_user` VALUES (38, 'shaoguiying', 'pbkdf2_sha256$180000$9j9euC7tqaJi$O8ZUZg0LFUFR6wNiwIOJvGFYJs2gsVCfjonODsUd8tM=', '张冬梅', 0, '13715513623', 'yangli@ui.cn', '浙江省张家港县高港沈街v座 768703', '2019-12-24', '2019-12-24', 1);
INSERT INTO `member_user` VALUES (39, 'liqiu', 'pbkdf2_sha256$180000$1kZW9kgx5J0i$4jYjmyCQootCdzvNrZE4TzhH1caLxuLUC1cRvp+tuUw=', '施东', 0, '15076985783', 'litao@yahoo.com', '河北省海口市高明深圳路C座 322631', '2019-12-24', '2019-12-24', 1);
INSERT INTO `member_user` VALUES (40, 'mhan', 'pbkdf2_sha256$180000$NGhfm1rNOwZY$mjbSbEsv40bGEwt0YGYxk6AwGuHBqJaz9uMSiIq9/Xw=', '沈芳', 0, '18757612567', 'nfan@gmail.com', '江西省秀珍县黄浦银川街a座 126537', '2019-12-24', '2019-12-24', 1);
INSERT INTO `member_user` VALUES (41, 'kshines', 'pbkdf2_sha256$180000$woIEleQ150Hd$BV3GFy2CEfoGDrpwHFx30VtVaa7/KJamWhE7akdBYDE=', 'ysk', 0, '17376594058', '850874665@qq.com', '132', '2019-12-24', '2019-12-24', 1);

SET FOREIGN_KEY_CHECKS = 1;
